Finding ID,CBOM Record ID,Mission Thread ID,Discovery Date,Discovery Method,Tool / Capability,Coverage Domain,Asset / Endpoint,Internet or Internal,Observed Crypto Artifact,Algorithm / Protocol,Library / Package,Container Image / Digest,SBOM Reference,Evidence Location,Finding Confidence,Authoritative Record Matched?,Validation Status,Blind Spot / Limitation,False Positive?,Remediation Required?,Assigned Owner,Next Validation Date,Source / Notes
FIND-00001,,,2026-08-12,directly observed,qSearch 1.0.0 (scan collector),source code and certificates,/etc/ssl/certs/GlobalSign_ECC_Root_CA_-_R5.pem,Internal,PEM certificate in /etc/ssl/certs/GlobalSign_ECC_Root_CA_-_R5.pem,EC (ECDSA/ECDH),,,,sha256:179fbc148a3dd00fd24ea13458cc43bfa7f59c8182d783a513f6ebec100c8924,high,No,Unvalidated (automated finding),,,Review,,,classification: quantum-vulnerable; risk: medium
FIND-00002,,,2026-08-12,directly observed,qSearch 1.0.0 (scan collector),source code and certificates,/etc/ssl/certs/Telekom_Security_TLS_ECC_Root_2020.pem,Internal,PEM certificate in /etc/ssl/certs/Telekom_Security_TLS_ECC_Root_2020.pem,EC (ECDSA/ECDH),,,,sha256:578af4ded0853f4e5998db4aeaf9cbea8d945f60b620a38d1a3c13b2bc7ba8e1,high,No,Unvalidated (automated finding),,,Review,,,classification: quantum-vulnerable; risk: medium
FIND-00003,,,2026-08-12,directly observed,qSearch 1.0.0 (scan collector),source code and certificates,/etc/ssl/certs/SSL.com_TLS_ECC_Root_CA_2022.pem,Internal,PEM certificate in /etc/ssl/certs/SSL.com_TLS_ECC_Root_CA_2022.pem,EC (ECDSA/ECDH),,,,sha256:c32ffd9f46f936d16c3673990959434b9ad60aafbb9e7cf33654f144cc1ba143,high,No,Unvalidated (automated finding),,,Review,,,classification: quantum-vulnerable; risk: medium
FIND-00004,,,2026-08-12,directly observed,qSearch 1.0.0 (scan collector),source code and certificates,/etc/ssl/certs/Buypass_Class_3_Root_CA.pem,Internal,PEM certificate in /etc/ssl/certs/Buypass_Class_3_Root_CA.pem,RSA,,,,sha256:edf7ebbca27a2a384d387b7d4010c666e2edb4843e4c29b4ae1d5b9332e6b24d,high,No,Unvalidated (automated finding),,,Review,,,classification: quantum-vulnerable; risk: medium
FIND-00005,,,2026-08-12,directly observed,qSearch 1.0.0 (scan collector),source code and certificates,/etc/ssl/certs/c01eb047.0,Internal,PEM certificate in /etc/ssl/certs/c01eb047.0,RSA,,,,sha256:9bea11c976fe014764c1be56a6f914b5a560317abd9988393382e5161aa0493c,high,No,Unvalidated (automated finding),,,Review,,,classification: quantum-vulnerable; risk: medium
FIND-00006,,,2026-08-12,directly observed,qSearch 1.0.0 (scan collector),source code and certificates,/etc/ssl/certs/0f6fa695.0,Internal,PEM certificate in /etc/ssl/certs/0f6fa695.0,RSA,,,,sha256:bfff8fd04433487d6a8aa60c1a29767a9fc2bbb05e420f713a13b992891d3893,high,No,Unvalidated (automated finding),,,Review,,,classification: quantum-vulnerable; risk: medium
FIND-00007,,,2026-08-12,directly observed,qSearch 1.0.0 (scan collector),source code and certificates,/etc/ssl/certs/0b1b94ef.0,Internal,PEM certificate in /etc/ssl/certs/0b1b94ef.0,RSA,,,,sha256:5cc3d78e4e1d5e45547a04e6873e64f90cf9536d1ccc2ef800f355c4c5fd70fd,high,No,Unvalidated (automated finding),,,Review,,,classification: quantum-vulnerable; risk: medium
FIND-00008,,,2026-08-12,directly observed,qSearch 1.0.0 (scan collector),source code and certificates,/etc/ssl/certs/feffd413.0,Internal,PEM certificate in /etc/ssl/certs/feffd413.0,EC (ECDSA/ECDH),,,,sha256:cbb9c44d84b8043e1050ea31a69f514955d7bfd2e2c6b49301019ad61d9f5058,high,No,Unvalidated (automated finding),,,Review,,,classification: quantum-vulnerable; risk: medium
FIND-00009,,,2026-08-12,directly observed,qSearch 1.0.0 (scan collector),source code and certificates,/etc/ssl/certs/vTrus_ECC_Root_CA.pem,Internal,PEM certificate in /etc/ssl/certs/vTrus_ECC_Root_CA.pem,EC (ECDSA/ECDH),,,,sha256:30fbba2c32238e2a98547af97931e550428b9b3f1c8eeb6633dcfa86c5b27dd3,high,No,Unvalidated (automated finding),,,Review,,,classification: quantum-vulnerable; risk: medium
FIND-00010,,,2026-08-12,directly observed,qSearch 1.0.0 (scan collector),source code and certificates,/etc/ssl/certs/e8de2f56.0,Internal,PEM certificate in /etc/ssl/certs/e8de2f56.0,RSA,,,,sha256:edf7ebbca27a2a384d387b7d4010c666e2edb4843e4c29b4ae1d5b9332e6b24d,high,No,Unvalidated (automated finding),,,Review,,,classification: quantum-vulnerable; risk: medium
FIND-00011,,,2026-08-12,directly observed,qSearch 1.0.0 (scan collector),source code and certificates,/etc/ssl/certs/0bf05006.0,Internal,PEM certificate in /etc/ssl/certs/0bf05006.0,EC (ECDSA/ECDH),,,,sha256:3417bb06cc6007da1b961c920b8ab4ce3fad820e4aa30b9acbc4a74ebdcebc65,high,No,Unvalidated (automated finding),,,Review,,,classification: quantum-vulnerable; risk: medium
FIND-00012,,,2026-08-12,directly observed,qSearch 1.0.0 (scan collector),source code and certificates,/etc/ssl/certs/Actalis_Authentication_Root_CA.pem,Internal,PEM certificate in /etc/ssl/certs/Actalis_Authentication_Root_CA.pem,RSA,,,,sha256:55926084ec963a64b96e2abe01ce0ba86a64fbfebcc7aab5afc155b37fd76066,high,No,Unvalidated (automated finding),,,Review,,,classification: quantum-vulnerable; risk: medium
FIND-00013,,,2026-08-12,directly observed,qSearch 1.0.0 (scan collector),source code and certificates,/etc/ssl/certs/Certum_Trusted_Root_CA.pem,Internal,PEM certificate in /etc/ssl/certs/Certum_Trusted_Root_CA.pem,RSA,,,,sha256:fe7696573855773e37a95e7ad4d9cc96c30157c15d31765ba9b15704e1ae78fd,high,No,Unvalidated (automated finding),,,Review,,,classification: quantum-vulnerable; risk: medium
FIND-00014,,,2026-08-12,directly observed,qSearch 1.0.0 (scan collector),source code and certificates,/etc/ssl/certs/D-TRUST_Root_Class_3_CA_2_2009.pem,Internal,PEM certificate in /etc/ssl/certs/D-TRUST_Root_Class_3_CA_2_2009.pem,RSA,,,,sha256:49e7a442acf0ea6287050054b52564b650e4f49e42e348d6aa38e039e957b1c1,high,No,Unvalidated (automated finding),,,Review,,,classification: quantum-vulnerable; risk: medium
FIND-00015,,,2026-08-12,directly observed,qSearch 1.0.0 (scan collector),source code and certificates,/etc/ssl/certs/GlobalSign_Root_CA_-_R3.pem,Internal,PEM certificate in /etc/ssl/certs/GlobalSign_Root_CA_-_R3.pem,RSA,,,,sha256:cbb522d7b7f127ad6a0113865bdf1cd4102e7d0759af635a7cf4720dc963c53b,high,No,Unvalidated (automated finding),,,Review,,,classification: quantum-vulnerable; risk: medium
FIND-00016,,,2026-08-12,directly observed,qSearch 1.0.0 (scan collector),source code and certificates,/etc/ssl/certs/f0c70a8d.0,Internal,PEM certificate in /etc/ssl/certs/f0c70a8d.0,EC (ECDSA/ECDH),,,,sha256:22a2c1f7bded704cc1e701b5f408c310880fe956b5de2a4a44f99c873a25a7c8,high,No,Unvalidated (automated finding),,,Review,,,classification: quantum-vulnerable; risk: medium
FIND-00017,,,2026-08-12,directly observed,qSearch 1.0.0 (scan collector),source code and certificates,/etc/ssl/certs/GTS_Root_R3.pem,Internal,PEM certificate in /etc/ssl/certs/GTS_Root_R3.pem,EC (ECDSA/ECDH),,,,sha256:34d8a73ee208d9bcdb0d956520934b4e40e69482596e8b6f73c8426b010a6f48,high,No,Unvalidated (automated finding),,,Review,,,classification: quantum-vulnerable; risk: medium
FIND-00018,,,2026-08-12,directly observed,qSearch 1.0.0 (scan collector),source code and certificates,/etc/ssl/certs/dd8e9d41.0,Internal,PEM certificate in /etc/ssl/certs/dd8e9d41.0,EC (ECDSA/ECDH),,,,sha256:31ad6648f8104138c738f39ea4320133393e3a18cc02296ef97c2ac9ef6731d0,high,No,Unvalidated (automated finding),,,Review,,,classification: quantum-vulnerable; risk: medium
FIND-00019,,,2026-08-12,directly observed,qSearch 1.0.0 (scan collector),source code and certificates,/etc/ssl/certs/b81b93f0.0,Internal,PEM certificate in /etc/ssl/certs/b81b93f0.0,EC (ECDSA/ECDH),,,,sha256:554153b13d2cf9ddb753bfbe1a4e0ae08d0aa4187058fe60a2b862b2e4b87bcb,high,No,Unvalidated (automated finding),,,Review,,,classification: quantum-vulnerable; risk: medium
FIND-00020,,,2026-08-12,directly observed,qSearch 1.0.0 (scan collector),source code and certificates,/etc/ssl/certs/2ae6433e.0,Internal,PEM certificate in /etc/ssl/certs/2ae6433e.0,RSA,,,,sha256:e23d4a036d7b70e9f595b1422079d2b91edfbb1fb651a0633eaa8a9dc5f80703,high,No,Unvalidated (automated finding),,,Review,,,classification: quantum-vulnerable; risk: medium
FIND-00021,,,2026-08-12,directly observed,qSearch 1.0.0 (scan collector),source code and certificates,/etc/ssl/certs/e36a6752.0,Internal,PEM certificate in /etc/ssl/certs/e36a6752.0,RSA,,,,sha256:f356bea244b7a91eb35d53ca9ad7864ace018e2d35d5f8f96ddf68a6f41aa474,high,No,Unvalidated (automated finding),,,Review,,,classification: quantum-vulnerable; risk: medium
FIND-00022,,,2026-08-12,directly observed,qSearch 1.0.0 (scan collector),source code and certificates,/etc/ssl/certs/Certum_EC-384_CA.pem,Internal,PEM certificate in /etc/ssl/certs/Certum_EC-384_CA.pem,EC (ECDSA/ECDH),,,,sha256:6b328085625318aa50d173c98d8bda09d57e27413d114cf787a0f5d06c030cf6,high,No,Unvalidated (automated finding),,,Review,,,classification: quantum-vulnerable; risk: medium
FIND-00023,,,2026-08-12,directly observed,qSearch 1.0.0 (scan collector),source code and certificates,/etc/ssl/certs/ANF_Secure_Server_Root_CA.pem,Internal,PEM certificate in /etc/ssl/certs/ANF_Secure_Server_Root_CA.pem,RSA,,,,sha256:fb8fec759169b9106b1e511644c618c51304373f6c0643088d8beffd1b997599,high,No,Unvalidated (automated finding),,,Review,,,classification: quantum-vulnerable; risk: medium
FIND-00024,,,2026-08-12,directly observed,qSearch 1.0.0 (scan collector),source code and certificates,/etc/ssl/certs/HARICA_TLS_ECC_Root_CA_2021.pem,Internal,PEM certificate in /etc/ssl/certs/HARICA_TLS_ECC_Root_CA_2021.pem,EC (ECDSA/ECDH),,,,sha256:3f99cc474acfce4dfed58794665e478d1547739f2e780f1bb4ca9b133097d401,high,No,Unvalidated (automated finding),,,Review,,,classification: quantum-vulnerable; risk: medium
FIND-00025,,,2026-08-12,directly observed,qSearch 1.0.0 (scan collector),source code and certificates,/etc/ssl/certs/D-TRUST_BR_Root_CA_1_2020.pem,Internal,PEM certificate in /etc/ssl/certs/D-TRUST_BR_Root_CA_1_2020.pem,EC (ECDSA/ECDH),,,,sha256:e59aaa816009c22bff5b25bad37df306f049797c1f81d85ab089e657bd8f0044,high,No,Unvalidated (automated finding),,,Review,,,classification: quantum-vulnerable; risk: medium
FIND-00026,,,2026-08-12,directly observed,qSearch 1.0.0 (scan collector),source code and certificates,/etc/ssl/certs/e18bfb83.0,Internal,PEM certificate in /etc/ssl/certs/e18bfb83.0,RSA,,,,sha256:88ef81de202eb018452e43f864725cea5fbd1fc2d9d205730709c5d8b8690f46,high,No,Unvalidated (automated finding),,,Review,,,classification: quantum-vulnerable; risk: medium
FIND-00027,,,2026-08-12,directly observed,qSearch 1.0.0 (scan collector),source code and certificates,/etc/ssl/certs/d52c538d.0,Internal,PEM certificate in /etc/ssl/certs/d52c538d.0,RSA,,,,sha256:371a00dc0533b3721a7eeb40e8419e70799d2b0a0f2c1d80693165f7cec4ad75,high,No,Unvalidated (automated finding),,,Review,,,classification: quantum-vulnerable; risk: medium
FIND-00028,,,2026-08-12,directly observed,qSearch 1.0.0 (scan collector),source code and certificates,/etc/ssl/certs/48bec511.0,Internal,PEM certificate in /etc/ssl/certs/48bec511.0,RSA,,,,sha256:5c58468d55f58e497e743982d2b50010b6d165374acf83a7d4a32db768c4408e,high,No,Unvalidated (automated finding),,,Review,,,classification: quantum-vulnerable; risk: medium
FIND-00029,,,2026-08-12,directly observed,qSearch 1.0.0 (scan collector),source code and certificates,/etc/ssl/certs/ce5e74ef.0,Internal,PEM certificate in /etc/ssl/certs/ce5e74ef.0,RSA,,,,sha256:8ecde6884f3d87b1125ba31ac3fcb13d7016de7f57cc904fe1cb97c6ae98196e,high,No,Unvalidated (automated finding),,,Review,,,classification: quantum-vulnerable; risk: medium
FIND-00030,,,2026-08-12,directly observed,qSearch 1.0.0 (scan collector),source code and certificates,/etc/ssl/certs/9046744a.0,Internal,PEM certificate in /etc/ssl/certs/9046744a.0,RSA,,,,sha256:7bb647a62aeeac88bf257aa522d01ffea395e0ab45c73f93f65654ec38f25a06,high,No,Unvalidated (automated finding),,,Review,,,classification: quantum-vulnerable; risk: medium
FIND-00031,,,2026-08-12,directly observed,qSearch 1.0.0 (scan collector),source code and certificates,/etc/ssl/certs/878d9bca.0,Internal,PEM certificate in /etc/ssl/certs/878d9bca.0,RSA,,,,sha256:4b009c1034494f9ab56bba3ba1d62731fc4d20d8955adcec10a925607261e338,high,No,Unvalidated (automated finding),,,Review,,,classification: quantum-vulnerable; risk: medium
FIND-00032,,,2026-08-12,directly observed,qSearch 1.0.0 (scan collector),source code and certificates,/etc/ssl/certs/AC_RAIZ_FNMT-RCM_SERVIDORES_SEGUROS.pem,Internal,PEM certificate in /etc/ssl/certs/AC_RAIZ_FNMT-RCM_SERVIDORES_SEGUROS.pem,EC (ECDSA/ECDH),,,,sha256:554153b13d2cf9ddb753bfbe1a4e0ae08d0aa4187058fe60a2b862b2e4b87bcb,high,No,Unvalidated (automated finding),,,Review,,,classification: quantum-vulnerable; risk: medium
FIND-00033,,,2026-08-12,directly observed,qSearch 1.0.0 (scan collector),source code and certificates,/etc/ssl/certs/b8d25de6.0,Internal,PEM certificate in /etc/ssl/certs/b8d25de6.0,RSA,,,,sha256:3f63bb2814be174ec8b6439cf08d6d56f0b7c405883a5648a334424d6b3ec558,high,No,Unvalidated (automated finding),,,Review,,,classification: quantum-vulnerable; risk: medium
FIND-00034,,,2026-08-12,directly observed,qSearch 1.0.0 (scan collector),source code and certificates,/etc/ssl/certs/1e08bfd1.0,Internal,PEM certificate in /etc/ssl/certs/1e08bfd1.0,RSA,,,,sha256:30d0895a9a448a262091635522d1f52010b5867acae12c78ef958fd4f4389f2f,high,No,Unvalidated (automated finding),,,Review,,,classification: quantum-vulnerable; risk: medium
FIND-00035,,,2026-08-12,directly observed,qSearch 1.0.0 (scan collector),source code and certificates,/etc/ssl/certs/fe8a2cd8.0,Internal,PEM certificate in /etc/ssl/certs/fe8a2cd8.0,RSA,,,,sha256:a1339d33281a0b56e557d3d32b1ce7f9367eb094bd5fa72a7e5004c8ded7cafe,high,No,Unvalidated (automated finding),,,Review,,,classification: quantum-vulnerable; risk: medium
FIND-00036,,,2026-08-12,directly observed,qSearch 1.0.0 (scan collector),source code and certificates,/etc/ssl/certs/607986c7.0,Internal,PEM certificate in /etc/ssl/certs/607986c7.0,RSA,,,,sha256:cb3ccbb76031e5e0138f8dd39a23f9de47ffc35e43c1144cea27d46a5ab1cb5f,high,No,Unvalidated (automated finding),,,Review,,,classification: quantum-vulnerable; risk: medium
FIND-00037,,,2026-08-12,directly observed,qSearch 1.0.0 (scan collector),source code and certificates,/etc/ssl/certs/DigiCert_TLS_RSA4096_Root_G5.pem,Internal,PEM certificate in /etc/ssl/certs/DigiCert_TLS_RSA4096_Root_G5.pem,RSA,,,,sha256:371a00dc0533b3721a7eeb40e8419e70799d2b0a0f2c1d80693165f7cec4ad75,high,No,Unvalidated (automated finding),,,Review,,,classification: quantum-vulnerable; risk: medium
FIND-00038,,,2026-08-12,directly observed,qSearch 1.0.0 (scan collector),source code and certificates,/etc/ssl/certs/1d3472b9.0,Internal,PEM certificate in /etc/ssl/certs/1d3472b9.0,EC (ECDSA/ECDH),,,,sha256:179fbc148a3dd00fd24ea13458cc43bfa7f59c8182d783a513f6ebec100c8924,high,No,Unvalidated (automated finding),,,Review,,,classification: quantum-vulnerable; risk: medium
FIND-00039,,,2026-08-12,directly observed,qSearch 1.0.0 (scan collector),source code and certificates,/etc/ssl/certs/SSL.com_EV_Root_Certification_Authority_RSA_R2.pem,Internal,PEM certificate in /etc/ssl/certs/SSL.com_EV_Root_Certification_Authority_RSA_R2.pem,RSA,,,,sha256:2e7bf16cc22485a7bbe2aa8696750761b0ae39be3b2fe9d0cc6d4ef73491425c,high,No,Unvalidated (automated finding),,,Review,,,classification: quantum-vulnerable; risk: medium
FIND-00040,,,2026-08-12,directly observed,qSearch 1.0.0 (scan collector),source code and certificates,/etc/ssl/certs/7a780d93.0,Internal,PEM certificate in /etc/ssl/certs/7a780d93.0,RSA,,,,sha256:77b82cd8644c4305f7acc5cb156b45675004033d51c60c6202a8e0c33467d3a0,high,No,Unvalidated (automated finding),,,Review,,,classification: quantum-vulnerable; risk: medium
FIND-00041,,,2026-08-12,directly observed,qSearch 1.0.0 (scan collector),source code and certificates,/etc/ssl/certs/988a38cb.0,Internal,PEM certificate in /etc/ssl/certs/988a38cb.0,RSA,,,,sha256:6c61dac3a2def031506be036d2a6fe401994fbd13df9c8d466599274c446ec98,high,No,Unvalidated (automated finding),,,Review,,,classification: quantum-vulnerable; risk: medium
FIND-00042,,,2026-08-12,directly observed,qSearch 1.0.0 (scan collector),source code and certificates,/etc/ssl/certs/8160b96c.0,Internal,PEM certificate in /etc/ssl/certs/8160b96c.0,RSA,,,,sha256:3c5f81fea5fab82c64bfa2eaecafcde8e077fc8620a7cae537163df36edbf378,high,No,Unvalidated (automated finding),,,Review,,,classification: quantum-vulnerable; risk: medium
FIND-00043,,,2026-08-12,directly observed,qSearch 1.0.0 (scan collector),source code and certificates,/etc/ssl/certs/Hellenic_Academic_and_Research_Institutions_RootCA_2015.pem,Internal,PEM certificate in /etc/ssl/certs/Hellenic_Academic_and_Research_Institutions_RootCA_2015.pem,RSA,,,,sha256:a040929a02ce53b4acf4f2ffc6981ce4496f755e6d45fe0b2a692bcd52523f36,high,No,Unvalidated (automated finding),,,Review,,,classification: quantum-vulnerable; risk: medium
FIND-00044,,,2026-08-12,directly observed,qSearch 1.0.0 (scan collector),source code and certificates,/etc/ssl/certs/3fb36b73.0,Internal,PEM certificate in /etc/ssl/certs/3fb36b73.0,RSA,,,,sha256:88f438dcf8ffd1fa8f429115ffe5f82ae1e06e0c70c375faad717b34a49e7265,high,No,Unvalidated (automated finding),,,Review,,,classification: quantum-vulnerable; risk: medium
FIND-00045,,,2026-08-12,directly observed,qSearch 1.0.0 (scan collector),source code and certificates,/etc/ssl/certs/0a775a30.0,Internal,PEM certificate in /etc/ssl/certs/0a775a30.0,EC (ECDSA/ECDH),,,,sha256:34d8a73ee208d9bcdb0d956520934b4e40e69482596e8b6f73c8426b010a6f48,high,No,Unvalidated (automated finding),,,Review,,,classification: quantum-vulnerable; risk: medium
FIND-00046,,,2026-08-12,directly observed,qSearch 1.0.0 (scan collector),source code and certificates,/etc/ssl/certs/TunTrust_Root_CA.pem,Internal,PEM certificate in /etc/ssl/certs/TunTrust_Root_CA.pem,RSA,,,,sha256:2e44102ab58cb85419451c8e19d9acf3662cafbc614b6a53960a30f7d0e2eb41,high,No,Unvalidated (automated finding),,,Review,,,classification: quantum-vulnerable; risk: medium
FIND-00047,,,2026-08-12,directly observed,qSearch 1.0.0 (scan collector),source code and certificates,/etc/ssl/certs/e35234b1.0,Internal,PEM certificate in /etc/ssl/certs/e35234b1.0,RSA,,,,sha256:fe7696573855773e37a95e7ad4d9cc96c30157c15d31765ba9b15704e1ae78fd,high,No,Unvalidated (automated finding),,,Review,,,classification: quantum-vulnerable; risk: medium
FIND-00048,,,2026-08-12,directly observed,qSearch 1.0.0 (scan collector),source code and certificates,/etc/ssl/certs/4b718d9b.0,Internal,PEM certificate in /etc/ssl/certs/4b718d9b.0,EC (ECDSA/ECDH),,,,sha256:bc4d809b15189d78db3e1d8cf4f9726a795da1643ca5f1358e1ddb0edc0d7eb3,high,No,Unvalidated (automated finding),,,Review,,,classification: quantum-vulnerable; risk: medium
FIND-00049,,,2026-08-12,directly observed,qSearch 1.0.0 (scan collector),source code and certificates,/etc/ssl/certs/HiPKI_Root_CA_-_G1.pem,Internal,PEM certificate in /etc/ssl/certs/HiPKI_Root_CA_-_G1.pem,RSA,,,,sha256:f015ce3cc239bfef064be9f1d2c417e1a0264a0a94be1f0c8d121864eb6949cc,high,No,Unvalidated (automated finding),,,Review,,,classification: quantum-vulnerable; risk: medium
FIND-00050,,,2026-08-12,directly observed,qSearch 1.0.0 (scan collector),source code and certificates,/etc/ssl/certs/Telekom_Security_TLS_RSA_Root_2023.pem,Internal,PEM certificate in /etc/ssl/certs/Telekom_Security_TLS_RSA_Root_2023.pem,RSA,,,,sha256:efc65cadbb59adb6efe84da22311b35624b71b3b1ea0da8b6655174ec8978646,high,No,Unvalidated (automated finding),,,Review,,,classification: quantum-vulnerable; risk: medium
FIND-00051,,,2026-08-12,directly observed,qSearch 1.0.0 (scan collector),source code and certificates,/etc/ssl/certs/6b99d060.0,Internal,PEM certificate in /etc/ssl/certs/6b99d060.0,RSA,,,,sha256:73c176434f1bc6d5adf45b0e76e727287c8de57616c1e6e6141a2b2cbc7d8e4c,high,No,Unvalidated (automated finding),,,Review,,,classification: quantum-vulnerable; risk: medium
FIND-00052,,,2026-08-12,directly observed,qSearch 1.0.0 (scan collector),source code and certificates,/etc/ssl/certs/54657681.0,Internal,PEM certificate in /etc/ssl/certs/54657681.0,RSA,,,,sha256:9a114025197c5bb95d94e63d55cd43790847b646b23cdf11ada4a00eff15fb48,high,No,Unvalidated (automated finding),,,Review,,,classification: quantum-vulnerable; risk: medium
FIND-00053,,,2026-08-12,directly observed,qSearch 1.0.0 (scan collector),source code and certificates,/etc/ssl/certs/c28a8a30.0,Internal,PEM certificate in /etc/ssl/certs/c28a8a30.0,RSA,,,,sha256:49e7a442acf0ea6287050054b52564b650e4f49e42e348d6aa38e039e957b1c1,high,No,Unvalidated (automated finding),,,Review,,,classification: quantum-vulnerable; risk: medium
FIND-00054,,,2026-08-12,directly observed,qSearch 1.0.0 (scan collector),source code and certificates,/etc/ssl/certs/1e09d511.0,Internal,PEM certificate in /etc/ssl/certs/1e09d511.0,RSA,,,,sha256:91e2f5788d5810eba7ba58737de1548a8ecacd014598bc0b143e041b17052552,high,No,Unvalidated (automated finding),,,Review,,,classification: quantum-vulnerable; risk: medium
FIND-00055,,,2026-08-12,directly observed,qSearch 1.0.0 (scan collector),source code and certificates,/etc/ssl/certs/GTS_Root_R4.pem,Internal,PEM certificate in /etc/ssl/certs/GTS_Root_R4.pem,EC (ECDSA/ECDH),,,,sha256:349dfa4058c5e263123b398ae795573c4e1313c83fe68f93556cd5e8031b3c7d,high,No,Unvalidated (automated finding),,,Review,,,classification: quantum-vulnerable; risk: medium
FIND-00056,,,2026-08-12,directly observed,qSearch 1.0.0 (scan collector),source code and certificates,/etc/ssl/certs/Certainly_Root_E1.pem,Internal,PEM certificate in /etc/ssl/certs/Certainly_Root_E1.pem,EC (ECDSA/ECDH),,,,sha256:b4585f22e4ac756a4e8612a1361c5d9d031a93fd84febb778fa3068b0fc42dc2,high,No,Unvalidated (automated finding),,,Review,,,classification: quantum-vulnerable; risk: medium
FIND-00057,,,2026-08-12,directly observed,qSearch 1.0.0 (scan collector),source code and certificates,/etc/ssl/certs/Amazon_Root_CA_2.pem,Internal,PEM certificate in /etc/ssl/certs/Amazon_Root_CA_2.pem,RSA,,,,sha256:1ba5b2aa8c65401a82960118f80bec4f62304d83cec4713a19c39c011ea46db4,high,No,Unvalidated (automated finding),,,Review,,,classification: quantum-vulnerable; risk: medium
FIND-00058,,,2026-08-12,directly observed,qSearch 1.0.0 (scan collector),source code and certificates,/etc/ssl/certs/dc4d6a89.0,Internal,PEM certificate in /etc/ssl/certs/dc4d6a89.0,RSA,,,,sha256:2cabeafe37d06ca22aba7391c0033d25982952c453647349763a3ab5ad6ccf69,high,No,Unvalidated (automated finding),,,Review,,,classification: quantum-vulnerable; risk: medium
FIND-00059,,,2026-08-12,directly observed,qSearch 1.0.0 (scan collector),source code and certificates,/etc/ssl/certs/ff34af3f.0,Internal,PEM certificate in /etc/ssl/certs/ff34af3f.0,RSA,,,,sha256:46edc3689046d53a453fb3104ab80dcaec658b2660ea1629dd7e867990648716,high,No,Unvalidated (automated finding),,,Review,,,classification: quantum-vulnerable; risk: medium
FIND-00060,,,2026-08-12,directly observed,qSearch 1.0.0 (scan collector),source code and certificates,/etc/ssl/certs/9bf03295.0,Internal,PEM certificate in /etc/ssl/certs/9bf03295.0,RSA,,,,sha256:e0d3226aeb1163c2e48ff9be3b50b4c6431be7bb1eacc5c36b5d5ec509039a08,high,No,Unvalidated (automated finding),,,Review,,,classification: quantum-vulnerable; risk: medium
FIND-00061,,,2026-08-12,directly observed,qSearch 1.0.0 (scan collector),source code and certificates,/etc/ssl/certs/Amazon_Root_CA_4.pem,Internal,PEM certificate in /etc/ssl/certs/Amazon_Root_CA_4.pem,EC (ECDSA/ECDH),,,,sha256:e35d28419ed02025cfa69038cd623962458da5c695fbdea3c22b0bfb25897092,high,No,Unvalidated (automated finding),,,Review,,,classification: quantum-vulnerable; risk: medium
FIND-00062,,,2026-08-12,directly observed,qSearch 1.0.0 (scan collector),source code and certificates,/etc/ssl/certs/emSign_Root_CA_-_G1.pem,Internal,PEM certificate in /etc/ssl/certs/emSign_Root_CA_-_G1.pem,RSA,,,,sha256:40f6af0346a99aa1cd1d555a4e9cce62c7f9634603ee406615833dc8c8d00367,high,No,Unvalidated (automated finding),,,Review,,,classification: quantum-vulnerable; risk: medium
FIND-00063,,,2026-08-12,directly observed,qSearch 1.0.0 (scan collector),source code and certificates,/etc/ssl/certs/b0d5255e.0,Internal,PEM certificate in /etc/ssl/certs/b0d5255e.0,RSA,,,,sha256:06c08d7dafd876971eb1124fe67f847ec0c7a158d3ea53cbe940e2ea9791f4c3,high,No,Unvalidated (automated finding),,,Review,,,classification: quantum-vulnerable; risk: medium
FIND-00064,,,2026-08-12,directly observed,qSearch 1.0.0 (scan collector),source code and certificates,/etc/ssl/certs/a09a51ae.0,Internal,PEM certificate in /etc/ssl/certs/a09a51ae.0,RSA,,,,sha256:8e8221b2e7d4007836a1672f0dcc299c33bc07d316f132fa1a206d587150f1ce,high,No,Unvalidated (automated finding),,,Review,,,classification: quantum-vulnerable; risk: medium
FIND-00065,,,2026-08-12,directly observed,qSearch 1.0.0 (scan collector),source code and certificates,/etc/ssl/certs/Atos_TrustedRoot_Root_CA_ECC_TLS_2021.pem,Internal,PEM certificate in /etc/ssl/certs/Atos_TrustedRoot_Root_CA_ECC_TLS_2021.pem,EC (ECDSA/ECDH),,,,sha256:b2fae53e14ccd7ab9212064701ae279c1d8988facb775fa8a008914e663988a8,high,No,Unvalidated (automated finding),,,Review,,,classification: quantum-vulnerable; risk: medium
FIND-00066,,,2026-08-12,directly observed,qSearch 1.0.0 (scan collector),source code and certificates,/etc/ssl/certs/9e654b62.0,Internal,PEM certificate in /etc/ssl/certs/9e654b62.0,RSA,,,,sha256:193144f431e0fddb740717d4de926a571133884b4360d30e272913cbe660ce41,high,No,Unvalidated (automated finding),,,Review,,,classification: quantum-vulnerable; risk: medium
FIND-00067,,,2026-08-12,directly observed,qSearch 1.0.0 (scan collector),source code and certificates,/etc/ssl/certs/QuoVadis_Root_CA_2_G3.pem,Internal,PEM certificate in /etc/ssl/certs/QuoVadis_Root_CA_2_G3.pem,RSA,,,,sha256:8fe4fb0af93a4d0d67db0bebb23e37c71bf325dcbcdd240ea04daf58b47e1840,high,No,Unvalidated (automated finding),,,Review,,,classification: quantum-vulnerable; risk: medium
FIND-00068,,,2026-08-12,directly observed,qSearch 1.0.0 (scan collector),source code and certificates,/etc/ssl/certs/e868b802.0,Internal,PEM certificate in /etc/ssl/certs/e868b802.0,EC (ECDSA/ECDH),,,,sha256:beb00b30839b9bc32c32e4447905950641f26421b15ed089198b518ae2ea1b99,high,No,Unvalidated (automated finding),,,Review,,,classification: quantum-vulnerable; risk: medium
FIND-00069,,,2026-08-12,directly observed,qSearch 1.0.0 (scan collector),source code and certificates,/etc/ssl/certs/emSign_ECC_Root_CA_-_C3.pem,Internal,PEM certificate in /etc/ssl/certs/emSign_ECC_Root_CA_-_C3.pem,EC (ECDSA/ECDH),,,,sha256:bc4d809b15189d78db3e1d8cf4f9726a795da1643ca5f1358e1ddb0edc0d7eb3,high,No,Unvalidated (automated finding),,,Review,,,classification: quantum-vulnerable; risk: medium
FIND-00070,,,2026-08-12,directly observed,qSearch 1.0.0 (scan collector),source code and certificates,/etc/ssl/certs/cd8c0d63.0,Internal,PEM certificate in /etc/ssl/certs/cd8c0d63.0,RSA,,,,sha256:ebc5570c29018c4d67b1aa127baf12f703b4611ebc17b7dab5573894179b93fa,high,No,Unvalidated (automated finding),,,Review,,,classification: quantum-vulnerable; risk: medium
FIND-00071,,,2026-08-12,directly observed,qSearch 1.0.0 (scan collector),source code and certificates,/etc/ssl/certs/DigiCert_Assured_ID_Root_G2.pem,Internal,PEM certificate in /etc/ssl/certs/DigiCert_Assured_ID_Root_G2.pem,RSA,,,,sha256:7d05ebb682339f8c9451ee094eebfefa7953a114edb2f44949452fab7d2fc185,high,No,Unvalidated (automated finding),,,Review,,,classification: quantum-vulnerable; risk: medium
FIND-00072,,,2026-08-12,directly observed,qSearch 1.0.0 (scan collector),source code and certificates,/etc/ssl/certs/a89d74c2.0,Internal,PEM certificate in /etc/ssl/certs/a89d74c2.0,RSA,,,,sha256:8faf7d2e2cb4709bb8e0b33666bf75a5dd45b5de480f8ea8d4bfe6bebc17f2ed,high,No,Unvalidated (automated finding),,,Review,,,classification: quantum-vulnerable; risk: medium
FIND-00073,,,2026-08-12,directly observed,qSearch 1.0.0 (scan collector),source code and certificates,/etc/ssl/certs/7719f463.0,Internal,PEM certificate in /etc/ssl/certs/7719f463.0,EC (ECDSA/ECDH),,,,sha256:44b545aa8a25e65a73ca15dc27fc36d24c1cb9953a066539b11582dc487b4833,high,No,Unvalidated (automated finding),,,Review,,,classification: quantum-vulnerable; risk: medium
FIND-00074,,,2026-08-12,directly observed,qSearch 1.0.0 (scan collector),source code and certificates,/etc/ssl/certs/TWCA_Root_Certification_Authority.pem,Internal,PEM certificate in /etc/ssl/certs/TWCA_Root_Certification_Authority.pem,RSA,,,,sha256:bfd88fe1101c41ae3e801bf8be56350ee9bad1a6b9bd515edc5c6d5b8711ac44,high,No,Unvalidated (automated finding),,,Review,,,classification: quantum-vulnerable; risk: medium
FIND-00075,,,2026-08-12,directly observed,qSearch 1.0.0 (scan collector),source code and certificates,/etc/ssl/certs/5443e9e3.0,Internal,PEM certificate in /etc/ssl/certs/5443e9e3.0,RSA,,,,sha256:fd73dad31c644ff1b43bef0ccdda96710b9cd9875eca7e31707af3e96d522bbd,high,No,Unvalidated (automated finding),,,Review,,,classification: quantum-vulnerable; risk: medium
FIND-00076,,,2026-08-12,directly observed,qSearch 1.0.0 (scan collector),source code and certificates,/etc/ssl/certs/ffdd40f9.0,Internal,PEM certificate in /etc/ssl/certs/ffdd40f9.0,RSA,,,,sha256:0552e6f83fdf65e8fa9670e666df28a4e21340b510cbe52566f97c4fb94b2bd1,high,No,Unvalidated (automated finding),,,Review,,,classification: quantum-vulnerable; risk: medium
FIND-00077,,,2026-08-12,directly observed,qSearch 1.0.0 (scan collector),source code and certificates,/etc/ssl/certs/DigiCert_Global_Root_G2.pem,Internal,PEM certificate in /etc/ssl/certs/DigiCert_Global_Root_G2.pem,RSA,,,,sha256:cb3ccbb76031e5e0138f8dd39a23f9de47ffc35e43c1144cea27d46a5ab1cb5f,high,No,Unvalidated (automated finding),,,Review,,,classification: quantum-vulnerable; risk: medium
FIND-00078,,,2026-08-12,directly observed,qSearch 1.0.0 (scan collector),source code and certificates,/etc/ssl/certs/Atos_TrustedRoot_Root_CA_RSA_TLS_2021.pem,Internal,PEM certificate in /etc/ssl/certs/Atos_TrustedRoot_Root_CA_RSA_TLS_2021.pem,RSA,,,,sha256:81a9088ea59fb364c548a6f85559099b6f0405efbf18e5324ec9f457ba00112f,high,No,Unvalidated (automated finding),,,Review,,,classification: quantum-vulnerable; risk: medium
FIND-00079,,,2026-08-12,directly observed,qSearch 1.0.0 (scan collector),source code and certificates,/etc/ssl/certs/Security_Communication_ECC_RootCA1.pem,Internal,PEM certificate in /etc/ssl/certs/Security_Communication_ECC_RootCA1.pem,EC (ECDSA/ECDH),,,,sha256:e74fbda55bd564c473a36b441aa799c8a68e077440e8288b9fa1e50e4bbaca11,high,No,Unvalidated (automated finding),,,Review,,,classification: quantum-vulnerable; risk: medium
FIND-00080,,,2026-08-12,statically detected,qSearch 1.0.0 (scan collector),source code and certificates,/etc/ssl/certs/Security_Communication_ECC_RootCA1.pem,Internal,"pattern ""RC4"": HFNFQ09NIFRydXN0IFN5c3RlbXMgQ08uLExURC4xKzApBgNVBAMTIlNlY3VyaXR5",RC4,,,,/etc/ssl/certs/Security_Communication_ECC_RootCA1.pem:6,medium,No,Unvalidated (automated finding),,,Review,,,classification: quantum-vulnerable; risk: medium
FIND-00081,,,2026-08-12,directly observed,qSearch 1.0.0 (scan collector),source code and certificates,/etc/ssl/certs/09789157.0,Internal,PEM certificate in /etc/ssl/certs/09789157.0,RSA,,,,sha256:568d6905a2c88708a4b3025190edcfedb1974a606a13c6e5290fcb2ae63edab5,high,No,Unvalidated (automated finding),,,Review,,,classification: quantum-vulnerable; risk: medium
FIND-00082,,,2026-08-12,directly observed,qSearch 1.0.0 (scan collector),source code and certificates,/etc/ssl/certs/SecureSign_Root_CA14.pem,Internal,PEM certificate in /etc/ssl/certs/SecureSign_Root_CA14.pem,RSA,,,,sha256:4b009c1034494f9ab56bba3ba1d62731fc4d20d8955adcec10a925607261e338,high,No,Unvalidated (automated finding),,,Review,,,classification: quantum-vulnerable; risk: medium
FIND-00083,,,2026-08-12,directly observed,qSearch 1.0.0 (scan collector),source code and certificates,/etc/ssl/certs/002c0b4f.0,Internal,PEM certificate in /etc/ssl/certs/002c0b4f.0,RSA,,,,sha256:4fa3126d8d3a11d1c4855a4f807cbad6cf919d3a5a88b03bea2c6372d93c40c9,high,No,Unvalidated (automated finding),,,Review,,,classification: quantum-vulnerable; risk: medium
FIND-00084,,,2026-08-12,directly observed,qSearch 1.0.0 (scan collector),source code and certificates,/etc/ssl/certs/f30dd6ad.0,Internal,PEM certificate in /etc/ssl/certs/f30dd6ad.0,EC (ECDSA/ECDH),,,,sha256:4ff460d54b9c86dabfbcfc5712e0400d2bed3fbc4d4fbdaa86e06adcd2a9ad7a,high,No,Unvalidated (automated finding),,,Review,,,classification: quantum-vulnerable; risk: medium
FIND-00085,,,2026-08-12,directly observed,qSearch 1.0.0 (scan collector),source code and certificates,/etc/ssl/certs/b0e59380.0,Internal,PEM certificate in /etc/ssl/certs/b0e59380.0,EC (ECDSA/ECDH),,,,sha256:b085d70b964f191a73e4af0d54ae7a0e07aafdaf9b71dd0862138ab7325a24a2,high,No,Unvalidated (automated finding),,,Review,,,classification: quantum-vulnerable; risk: medium
FIND-00086,,,2026-08-12,directly observed,qSearch 1.0.0 (scan collector),source code and certificates,/etc/ssl/certs/Certum_Trusted_Network_CA.pem,Internal,PEM certificate in /etc/ssl/certs/Certum_Trusted_Network_CA.pem,RSA,,,,sha256:5c58468d55f58e497e743982d2b50010b6d165374acf83a7d4a32db768c4408e,high,No,Unvalidated (automated finding),,,Review,,,classification: quantum-vulnerable; risk: medium
FIND-00087,,,2026-08-12,directly observed,qSearch 1.0.0 (scan collector),source code and certificates,/etc/ssl/certs/75d1b2ed.0,Internal,PEM certificate in /etc/ssl/certs/75d1b2ed.0,RSA,,,,sha256:552f7bdcf1a7af9e6ce672017f4f12abf77240c78e761ac203d1d9d20ac89988,high,No,Unvalidated (automated finding),,,Review,,,classification: quantum-vulnerable; risk: medium
FIND-00088,,,2026-08-12,directly observed,qSearch 1.0.0 (scan collector),source code and certificates,/etc/ssl/certs/Certigna_Root_CA.pem,Internal,PEM certificate in /etc/ssl/certs/Certigna_Root_CA.pem,RSA,,,,sha256:d48d3d23eedb50a459e55197601c27774b9d7b18c94d5a059511a10250b93168,high,No,Unvalidated (automated finding),,,Review,,,classification: quantum-vulnerable; risk: medium
FIND-00089,,,2026-08-12,directly observed,qSearch 1.0.0 (scan collector),source code and certificates,/etc/ssl/certs/Sectigo_Public_Server_Authentication_Root_R46.pem,Internal,PEM certificate in /etc/ssl/certs/Sectigo_Public_Server_Authentication_Root_R46.pem,RSA,,,,sha256:7bb647a62aeeac88bf257aa522d01ffea395e0ab45c73f93f65654ec38f25a06,high,No,Unvalidated (automated finding),,,Review,,,classification: quantum-vulnerable; risk: medium
FIND-00090,,,2026-08-12,directly observed,qSearch 1.0.0 (scan collector),source code and certificates,/etc/ssl/certs/da0cfd1d.0,Internal,PEM certificate in /etc/ssl/certs/da0cfd1d.0,EC (ECDSA/ECDH),,,,sha256:c90f26f0fb1b4018b22227519b5ca2b53e2ca5b3be5cf18efe1bef47380c5383,high,No,Unvalidated (automated finding),,,Review,,,classification: quantum-vulnerable; risk: medium
FIND-00091,,,2026-08-12,directly observed,qSearch 1.0.0 (scan collector),source code and certificates,/etc/ssl/certs/8d89cda1.0,Internal,PEM certificate in /etc/ssl/certs/8d89cda1.0,EC (ECDSA/ECDH),,,,sha256:358df39d764af9e1b766e9c972df352ee15cfac227af6ad1d70e8e4a6edcba02,high,No,Unvalidated (automated finding),,,Review,,,classification: quantum-vulnerable; risk: medium
FIND-00092,,,2026-08-12,directly observed,qSearch 1.0.0 (scan collector),source code and certificates,/etc/ssl/certs/68dd7389.0,Internal,PEM certificate in /etc/ssl/certs/68dd7389.0,RSA,,,,sha256:5a2fc03f0c83b090bbfa40604b0988446c7636183df9846e17101a447fb8efd6,high,No,Unvalidated (automated finding),,,Review,,,classification: quantum-vulnerable; risk: medium
FIND-00093,,,2026-08-12,directly observed,qSearch 1.0.0 (scan collector),source code and certificates,/etc/ssl/certs/ACCVRAIZ1.pem,Internal,PEM certificate in /etc/ssl/certs/ACCVRAIZ1.pem,RSA,,,,sha256:9a6ec012e1a7da9dbe34194d478ad7c0db1822fb071df12981496ed104384113,high,No,Unvalidated (automated finding),,,Review,,,classification: quantum-vulnerable; risk: medium
FIND-00094,,,2026-08-12,directly observed,qSearch 1.0.0 (scan collector),source code and certificates,/etc/ssl/certs/BJCA_Global_Root_CA2.pem,Internal,PEM certificate in /etc/ssl/certs/BJCA_Global_Root_CA2.pem,EC (ECDSA/ECDH),,,,sha256:574df6931e278039667b720afdc1600fc27eb66dd3092979fb73856487212882,high,No,Unvalidated (automated finding),,,Review,,,classification: quantum-vulnerable; risk: medium
FIND-00095,,,2026-08-12,directly observed,qSearch 1.0.0 (scan collector),source code and certificates,/etc/ssl/certs/Hellenic_Academic_and_Research_Institutions_ECC_RootCA_2015.pem,Internal,PEM certificate in /etc/ssl/certs/Hellenic_Academic_and_Research_Institutions_ECC_RootCA_2015.pem,EC (ECDSA/ECDH),,,,sha256:44b545aa8a25e65a73ca15dc27fc36d24c1cb9953a066539b11582dc487b4833,high,No,Unvalidated (automated finding),,,Review,,,classification: quantum-vulnerable; risk: medium
FIND-00096,,,2026-08-12,directly observed,qSearch 1.0.0 (scan collector),source code and certificates,/etc/ssl/certs/IdenTrust_Public_Sector_Root_CA_1.pem,Internal,PEM certificate in /etc/ssl/certs/IdenTrust_Public_Sector_Root_CA_1.pem,RSA,,,,sha256:30d0895a9a448a262091635522d1f52010b5867acae12c78ef958fd4f4389f2f,high,No,Unvalidated (automated finding),,,Review,,,classification: quantum-vulnerable; risk: medium
FIND-00097,,,2026-08-12,directly observed,qSearch 1.0.0 (scan collector),source code and certificates,/etc/ssl/certs/b433981b.0,Internal,PEM certificate in /etc/ssl/certs/b433981b.0,RSA,,,,sha256:fb8fec759169b9106b1e511644c618c51304373f6c0643088d8beffd1b997599,high,No,Unvalidated (automated finding),,,Review,,,classification: quantum-vulnerable; risk: medium
FIND-00098,,,2026-08-12,directly observed,qSearch 1.0.0 (scan collector),source code and certificates,/etc/ssl/certs/ca-certificates.crt,Internal,PEM certificate in /etc/ssl/certs/ca-certificates.crt,RSA,,,,sha256:9a6ec012e1a7da9dbe34194d478ad7c0db1822fb071df12981496ed104384113,high,No,Unvalidated (automated finding),,,Review,,,classification: quantum-vulnerable; risk: medium
FIND-00099,,,2026-08-12,directly observed,qSearch 1.0.0 (scan collector),source code and certificates,/etc/ssl/certs/ca-certificates.crt,Internal,PEM certificate in /etc/ssl/certs/ca-certificates.crt,RSA,,,,sha256:ebc5570c29018c4d67b1aa127baf12f703b4611ebc17b7dab5573894179b93fa,high,No,Unvalidated (automated finding),,,Review,,,classification: quantum-vulnerable; risk: medium
FIND-00100,,,2026-08-12,directly observed,qSearch 1.0.0 (scan collector),source code and certificates,/etc/ssl/certs/ca-certificates.crt,Internal,PEM certificate in /etc/ssl/certs/ca-certificates.crt,EC (ECDSA/ECDH),,,,sha256:554153b13d2cf9ddb753bfbe1a4e0ae08d0aa4187058fe60a2b862b2e4b87bcb,high,No,Unvalidated (automated finding),,,Review,,,classification: quantum-vulnerable; risk: medium
FIND-00101,,,2026-08-12,directly observed,qSearch 1.0.0 (scan collector),source code and certificates,/etc/ssl/certs/ca-certificates.crt,Internal,PEM certificate in /etc/ssl/certs/ca-certificates.crt,RSA,,,,sha256:fb8fec759169b9106b1e511644c618c51304373f6c0643088d8beffd1b997599,high,No,Unvalidated (automated finding),,,Review,,,classification: quantum-vulnerable; risk: medium
FIND-00102,,,2026-08-12,directly observed,qSearch 1.0.0 (scan collector),source code and certificates,/etc/ssl/certs/ca-certificates.crt,Internal,PEM certificate in /etc/ssl/certs/ca-certificates.crt,RSA,,,,sha256:55926084ec963a64b96e2abe01ce0ba86a64fbfebcc7aab5afc155b37fd76066,high,No,Unvalidated (automated finding),,,Review,,,classification: quantum-vulnerable; risk: medium
FIND-00103,,,2026-08-12,directly observed,qSearch 1.0.0 (scan collector),source code and certificates,/etc/ssl/certs/ca-certificates.crt,Internal,PEM certificate in /etc/ssl/certs/ca-certificates.crt,RSA,,,,sha256:8ecde6884f3d87b1125ba31ac3fcb13d7016de7f57cc904fe1cb97c6ae98196e,high,No,Unvalidated (automated finding),,,Review,,,classification: quantum-vulnerable; risk: medium
FIND-00104,,,2026-08-12,directly observed,qSearch 1.0.0 (scan collector),source code and certificates,/etc/ssl/certs/ca-certificates.crt,Internal,PEM certificate in /etc/ssl/certs/ca-certificates.crt,RSA,,,,sha256:1ba5b2aa8c65401a82960118f80bec4f62304d83cec4713a19c39c011ea46db4,high,No,Unvalidated (automated finding),,,Review,,,classification: quantum-vulnerable; risk: medium
FIND-00105,,,2026-08-12,directly observed,qSearch 1.0.0 (scan collector),source code and certificates,/etc/ssl/certs/ca-certificates.crt,Internal,PEM certificate in /etc/ssl/certs/ca-certificates.crt,EC (ECDSA/ECDH),,,,sha256:18ce6cfe7bf14e60b2e347b8dfe868cb31d02ebb3ada271569f50343b46db3a4,high,No,Unvalidated (automated finding),,,Review,,,classification: quantum-vulnerable; risk: medium
FIND-00106,,,2026-08-12,directly observed,qSearch 1.0.0 (scan collector),source code and certificates,/etc/ssl/certs/ca-certificates.crt,Internal,PEM certificate in /etc/ssl/certs/ca-certificates.crt,EC (ECDSA/ECDH),,,,sha256:e35d28419ed02025cfa69038cd623962458da5c695fbdea3c22b0bfb25897092,high,No,Unvalidated (automated finding),,,Review,,,classification: quantum-vulnerable; risk: medium
FIND-00107,,,2026-08-12,directly observed,qSearch 1.0.0 (scan collector),source code and certificates,/etc/ssl/certs/ca-certificates.crt,Internal,PEM certificate in /etc/ssl/certs/ca-certificates.crt,RSA,,,,sha256:f356bea244b7a91eb35d53ca9ad7864ace018e2d35d5f8f96ddf68a6f41aa474,high,No,Unvalidated (automated finding),,,Review,,,classification: quantum-vulnerable; risk: medium
FIND-00108,,,2026-08-12,directly observed,qSearch 1.0.0 (scan collector),source code and certificates,/etc/ssl/certs/ca-certificates.crt,Internal,PEM certificate in /etc/ssl/certs/ca-certificates.crt,RSA,,,,sha256:57de0583efd2b26e0361da99da9df4648def7ee8441c3b728afa9bcde0f9b26a,high,No,Unvalidated (automated finding),,,Review,,,classification: quantum-vulnerable; risk: medium
FIND-00109,,,2026-08-12,directly observed,qSearch 1.0.0 (scan collector),source code and certificates,/etc/ssl/certs/ca-certificates.crt,Internal,PEM certificate in /etc/ssl/certs/ca-certificates.crt,RSA,,,,sha256:9a114025197c5bb95d94e63d55cd43790847b646b23cdf11ada4a00eff15fb48,high,No,Unvalidated (automated finding),,,Review,,,classification: quantum-vulnerable; risk: medium
FIND-00110,,,2026-08-12,directly observed,qSearch 1.0.0 (scan collector),source code and certificates,/etc/ssl/certs/ca-certificates.crt,Internal,PEM certificate in /etc/ssl/certs/ca-certificates.crt,RSA,,,,sha256:edf7ebbca27a2a384d387b7d4010c666e2edb4843e4c29b4ae1d5b9332e6b24d,high,No,Unvalidated (automated finding),,,Review,,,classification: quantum-vulnerable; risk: medium
FIND-00111,,,2026-08-12,directly observed,qSearch 1.0.0 (scan collector),source code and certificates,/etc/ssl/certs/ca-certificates.crt,Internal,PEM certificate in /etc/ssl/certs/ca-certificates.crt,RSA,,,,sha256:e23d4a036d7b70e9f595b1422079d2b91edfbb1fb651a0633eaa8a9dc5f80703,high,No,Unvalidated (automated finding),,,Review,,,classification: quantum-vulnerable; risk: medium
FIND-00112,,,2026-08-12,directly observed,qSearch 1.0.0 (scan collector),source code and certificates,/etc/ssl/certs/ca-certificates.crt,Internal,PEM certificate in /etc/ssl/certs/ca-certificates.crt,RSA,,,,sha256:5cc3d78e4e1d5e45547a04e6873e64f90cf9536d1ccc2ef800f355c4c5fd70fd,high,No,Unvalidated (automated finding),,,Review,,,classification: quantum-vulnerable; risk: medium
FIND-00113,,,2026-08-12,directly observed,qSearch 1.0.0 (scan collector),source code and certificates,/etc/ssl/certs/ca-certificates.crt,Internal,PEM certificate in /etc/ssl/certs/ca-certificates.crt,EC (ECDSA/ECDH),,,,sha256:1793927a0614549789adce2f8f34f7f0b66d0f3ae3a3b84d21ec15dbba4fadc7,high,No,Unvalidated (automated finding),,,Review,,,classification: quantum-vulnerable; risk: medium
FIND-00114,,,2026-08-12,directly observed,qSearch 1.0.0 (scan collector),source code and certificates,/etc/ssl/certs/ca-certificates.crt,Internal,PEM certificate in /etc/ssl/certs/ca-certificates.crt,RSA,,,,sha256:52f0e1c4e58ec629291b60317f074671b85d7ea80d5b07273463534b32b40234,high,No,Unvalidated (automated finding),,,Review,,,classification: quantum-vulnerable; risk: medium
FIND-00115,,,2026-08-12,directly observed,qSearch 1.0.0 (scan collector),source code and certificates,/etc/ssl/certs/ca-certificates.crt,Internal,PEM certificate in /etc/ssl/certs/ca-certificates.crt,RSA,,,,sha256:d48d3d23eedb50a459e55197601c27774b9d7b18c94d5a059511a10250b93168,high,No,Unvalidated (automated finding),,,Review,,,classification: quantum-vulnerable; risk: medium
FIND-00116,,,2026-08-12,directly observed,qSearch 1.0.0 (scan collector),source code and certificates,/etc/ssl/certs/ca-certificates.crt,Internal,PEM certificate in /etc/ssl/certs/ca-certificates.crt,EC (ECDSA/ECDH),,,,sha256:6b328085625318aa50d173c98d8bda09d57e27413d114cf787a0f5d06c030cf6,high,No,Unvalidated (automated finding),,,Review,,,classification: quantum-vulnerable; risk: medium
FIND-00117,,,2026-08-12,directly observed,qSearch 1.0.0 (scan collector),source code and certificates,/etc/ssl/certs/ca-certificates.crt,Internal,PEM certificate in /etc/ssl/certs/ca-certificates.crt,RSA,,,,sha256:5c58468d55f58e497e743982d2b50010b6d165374acf83a7d4a32db768c4408e,high,No,Unvalidated (automated finding),,,Review,,,classification: quantum-vulnerable; risk: medium
FIND-00118,,,2026-08-12,directly observed,qSearch 1.0.0 (scan collector),source code and certificates,/etc/ssl/certs/ca-certificates.crt,Internal,PEM certificate in /etc/ssl/certs/ca-certificates.crt,RSA,,,,sha256:b676f2eddae8775cd36cb0f63cd1d4603961f49e6265ba013a2f0307b6d0b804,high,No,Unvalidated (automated finding),,,Review,,,classification: quantum-vulnerable; risk: medium
FIND-00119,,,2026-08-12,directly observed,qSearch 1.0.0 (scan collector),source code and certificates,/etc/ssl/certs/ca-certificates.crt,Internal,PEM certificate in /etc/ssl/certs/ca-certificates.crt,RSA,,,,sha256:fe7696573855773e37a95e7ad4d9cc96c30157c15d31765ba9b15704e1ae78fd,high,No,Unvalidated (automated finding),,,Review,,,classification: quantum-vulnerable; risk: medium
FIND-00120,,,2026-08-12,directly observed,qSearch 1.0.0 (scan collector),source code and certificates,/etc/ssl/certs/ca-certificates.crt,Internal,PEM certificate in /etc/ssl/certs/ca-certificates.crt,RSA,,,,sha256:49e7a442acf0ea6287050054b52564b650e4f49e42e348d6aa38e039e957b1c1,high,No,Unvalidated (automated finding),,,Review,,,classification: quantum-vulnerable; risk: medium
FIND-00121,,,2026-08-12,directly observed,qSearch 1.0.0 (scan collector),source code and certificates,/etc/ssl/certs/ca-certificates.crt,Internal,PEM certificate in /etc/ssl/certs/ca-certificates.crt,RSA,,,,sha256:eec5496b988ce98625b934092eec2908bed0b0f316c2d4730c84eaf1f3d34881,high,No,Unvalidated (automated finding),,,Review,,,classification: quantum-vulnerable; risk: medium
FIND-00122,,,2026-08-12,directly observed,qSearch 1.0.0 (scan collector),source code and certificates,/etc/ssl/certs/ca-certificates.crt,Internal,PEM certificate in /etc/ssl/certs/ca-certificates.crt,RSA,,,,sha256:7d05ebb682339f8c9451ee094eebfefa7953a114edb2f44949452fab7d2fc185,high,No,Unvalidated (automated finding),,,Review,,,classification: quantum-vulnerable; risk: medium
FIND-00123,,,2026-08-12,directly observed,qSearch 1.0.0 (scan collector),source code and certificates,/etc/ssl/certs/ca-certificates.crt,Internal,PEM certificate in /etc/ssl/certs/ca-certificates.crt,EC (ECDSA/ECDH),,,,sha256:7e37cb8b4c47090cab36551ba6f45db840680fba166a952db100717f43053fc2,high,No,Unvalidated (automated finding),,,Review,,,classification: quantum-vulnerable; risk: medium
FIND-00124,,,2026-08-12,directly observed,qSearch 1.0.0 (scan collector),source code and certificates,/etc/ssl/certs/ca-certificates.crt,Internal,PEM certificate in /etc/ssl/certs/ca-certificates.crt,RSA,,,,sha256:cb3ccbb76031e5e0138f8dd39a23f9de47ffc35e43c1144cea27d46a5ab1cb5f,high,No,Unvalidated (automated finding),,,Review,,,classification: quantum-vulnerable; risk: medium
FIND-00125,,,2026-08-12,directly observed,qSearch 1.0.0 (scan collector),source code and certificates,/etc/ssl/certs/ca-certificates.crt,Internal,PEM certificate in /etc/ssl/certs/ca-certificates.crt,EC (ECDSA/ECDH),,,,sha256:31ad6648f8104138c738f39ea4320133393e3a18cc02296ef97c2ac9ef6731d0,high,No,Unvalidated (automated finding),,,Review,,,classification: quantum-vulnerable; risk: medium
FIND-00126,,,2026-08-12,directly observed,qSearch 1.0.0 (scan collector),source code and certificates,/etc/ssl/certs/ca-certificates.crt,Internal,PEM certificate in /etc/ssl/certs/ca-certificates.crt,RSA,,,,sha256:552f7bdcf1a7af9e6ce672017f4f12abf77240c78e761ac203d1d9d20ac89988,high,No,Unvalidated (automated finding),,,Review,,,classification: quantum-vulnerable; risk: medium
FIND-00127,,,2026-08-12,directly observed,qSearch 1.0.0 (scan collector),source code and certificates,/etc/ssl/certs/ca-certificates.crt,Internal,PEM certificate in /etc/ssl/certs/ca-certificates.crt,RSA,,,,sha256:73c176434f1bc6d5adf45b0e76e727287c8de57616c1e6e6141a2b2cbc7d8e4c,high,No,Unvalidated (automated finding),,,Review,,,classification: quantum-vulnerable; risk: medium
FIND-00128,,,2026-08-12,directly observed,qSearch 1.0.0 (scan collector),source code and certificates,/etc/ssl/certs/ca-certificates.crt,Internal,PEM certificate in /etc/ssl/certs/ca-certificates.crt,RSA,,,,sha256:bfff8fd04433487d6a8aa60c1a29767a9fc2bbb05e420f713a13b992891d3893,high,No,Unvalidated (automated finding),,,Review,,,classification: quantum-vulnerable; risk: medium
FIND-00129,,,2026-08-12,directly observed,qSearch 1.0.0 (scan collector),source code and certificates,/etc/ssl/certs/ca-certificates.crt,Internal,PEM certificate in /etc/ssl/certs/ca-certificates.crt,RSA,,,,sha256:d947432abde7b7fa90fc2e6b59101b1280e0e1c7e4e40fa3c6887fff57a7f4cf,high,No,Unvalidated (automated finding),,,Review,,,classification: quantum-vulnerable; risk: medium
FIND-00130,,,2026-08-12,directly observed,qSearch 1.0.0 (scan collector),source code and certificates,/etc/ssl/certs/ca-certificates.crt,Internal,PEM certificate in /etc/ssl/certs/ca-certificates.crt,EC (ECDSA/ECDH),,,,sha256:34d8a73ee208d9bcdb0d956520934b4e40e69482596e8b6f73c8426b010a6f48,high,No,Unvalidated (automated finding),,,Review,,,classification: quantum-vulnerable; risk: medium
FIND-00131,,,2026-08-12,directly observed,qSearch 1.0.0 (scan collector),source code and certificates,/etc/ssl/certs/ca-certificates.crt,Internal,PEM certificate in /etc/ssl/certs/ca-certificates.crt,EC (ECDSA/ECDH),,,,sha256:349dfa4058c5e263123b398ae795573c4e1313c83fe68f93556cd5e8031b3c7d,high,No,Unvalidated (automated finding),,,Review,,,classification: quantum-vulnerable; risk: medium
FIND-00132,,,2026-08-12,directly observed,qSearch 1.0.0 (scan collector),source code and certificates,/etc/ssl/certs/ca-certificates.crt,Internal,PEM certificate in /etc/ssl/certs/ca-certificates.crt,EC (ECDSA/ECDH),,,,sha256:b085d70b964f191a73e4af0d54ae7a0e07aafdaf9b71dd0862138ab7325a24a2,high,No,Unvalidated (automated finding),,,Review,,,classification: quantum-vulnerable; risk: medium
FIND-00133,,,2026-08-12,directly observed,qSearch 1.0.0 (scan collector),source code and certificates,/etc/ssl/certs/ca-certificates.crt,Internal,PEM certificate in /etc/ssl/certs/ca-certificates.crt,EC (ECDSA/ECDH),,,,sha256:179fbc148a3dd00fd24ea13458cc43bfa7f59c8182d783a513f6ebec100c8924,high,No,Unvalidated (automated finding),,,Review,,,classification: quantum-vulnerable; risk: medium
FIND-00134,,,2026-08-12,directly observed,qSearch 1.0.0 (scan collector),source code and certificates,/etc/ssl/certs/ca-certificates.crt,Internal,PEM certificate in /etc/ssl/certs/ca-certificates.crt,RSA,,,,sha256:cbb522d7b7f127ad6a0113865bdf1cd4102e7d0759af635a7cf4720dc963c53b,high,No,Unvalidated (automated finding),,,Review,,,classification: quantum-vulnerable; risk: medium
FIND-00135,,,2026-08-12,directly observed,qSearch 1.0.0 (scan collector),source code and certificates,/etc/ssl/certs/ca-certificates.crt,Internal,PEM certificate in /etc/ssl/certs/ca-certificates.crt,RSA,,,,sha256:2cabeafe37d06ca22aba7391c0033d25982952c453647349763a3ab5ad6ccf69,high,No,Unvalidated (automated finding),,,Review,,,classification: quantum-vulnerable; risk: medium
FIND-00136,,,2026-08-12,directly observed,qSearch 1.0.0 (scan collector),source code and certificates,/etc/ssl/certs/ca-certificates.crt,Internal,PEM certificate in /etc/ssl/certs/ca-certificates.crt,EC (ECDSA/ECDH),,,,sha256:cbb9c44d84b8043e1050ea31a69f514955d7bfd2e2c6b49301019ad61d9f5058,high,No,Unvalidated (automated finding),,,Review,,,classification: quantum-vulnerable; risk: medium
FIND-00137,,,2026-08-12,directly observed,qSearch 1.0.0 (scan collector),source code and certificates,/etc/ssl/certs/ca-certificates.crt,Internal,PEM certificate in /etc/ssl/certs/ca-certificates.crt,RSA,,,,sha256:4fa3126d8d3a11d1c4855a4f807cbad6cf919d3a5a88b03bea2c6372d93c40c9,high,No,Unvalidated (automated finding),,,Review,,,classification: quantum-vulnerable; risk: medium
FIND-00138,,,2026-08-12,directly observed,qSearch 1.0.0 (scan collector),source code and certificates,/etc/ssl/certs/ca-certificates.crt,Internal,PEM certificate in /etc/ssl/certs/ca-certificates.crt,RSA,,,,sha256:45140b3247eb9cc8c5b4f0d7b53091f73292089e6e5a63e2749dd3aca9198eda,high,No,Unvalidated (automated finding),,,Review,,,classification: quantum-vulnerable; risk: medium
FIND-00139,,,2026-08-12,directly observed,qSearch 1.0.0 (scan collector),source code and certificates,/etc/ssl/certs/ca-certificates.crt,Internal,PEM certificate in /etc/ssl/certs/ca-certificates.crt,EC (ECDSA/ECDH),,,,sha256:44b545aa8a25e65a73ca15dc27fc36d24c1cb9953a066539b11582dc487b4833,high,No,Unvalidated (automated finding),,,Review,,,classification: quantum-vulnerable; risk: medium
FIND-00140,,,2026-08-12,directly observed,qSearch 1.0.0 (scan collector),source code and certificates,/etc/ssl/certs/ca-certificates.crt,Internal,PEM certificate in /etc/ssl/certs/ca-certificates.crt,RSA,,,,sha256:a040929a02ce53b4acf4f2ffc6981ce4496f755e6d45fe0b2a692bcd52523f36,high,No,Unvalidated (automated finding),,,Review,,,classification: quantum-vulnerable; risk: medium
FIND-00141,,,2026-08-12,directly observed,qSearch 1.0.0 (scan collector),source code and certificates,/etc/ssl/certs/ca-certificates.crt,Internal,PEM certificate in /etc/ssl/certs/ca-certificates.crt,RSA,,,,sha256:5a2fc03f0c83b090bbfa40604b0988446c7636183df9846e17101a447fb8efd6,high,No,Unvalidated (automated finding),,,Review,,,classification: quantum-vulnerable; risk: medium
FIND-00142,,,2026-08-12,directly observed,qSearch 1.0.0 (scan collector),source code and certificates,/etc/ssl/certs/ca-certificates.crt,Internal,PEM certificate in /etc/ssl/certs/ca-certificates.crt,RSA,,,,sha256:96bcec06264976f37460779acf28c5a7cfe8a3c0aae11a8ffcee05c0bddf08c6,high,No,Unvalidated (automated finding),,,Review,,,classification: quantum-vulnerable; risk: medium
FIND-00143,,,2026-08-12,directly observed,qSearch 1.0.0 (scan collector),source code and certificates,/etc/ssl/certs/ca-certificates.crt,Internal,PEM certificate in /etc/ssl/certs/ca-certificates.crt,RSA,,,,sha256:5d56499be4d2e08bcfcad08a3e38723d50503bde706948e42f55603019e528ae,high,No,Unvalidated (automated finding),,,Review,,,classification: quantum-vulnerable; risk: medium
FIND-00144,,,2026-08-12,directly observed,qSearch 1.0.0 (scan collector),source code and certificates,/etc/ssl/certs/ca-certificates.crt,Internal,PEM certificate in /etc/ssl/certs/ca-certificates.crt,RSA,,,,sha256:30d0895a9a448a262091635522d1f52010b5867acae12c78ef958fd4f4389f2f,high,No,Unvalidated (automated finding),,,Review,,,classification: quantum-vulnerable; risk: medium
FIND-00145,,,2026-08-12,directly observed,qSearch 1.0.0 (scan collector),source code and certificates,/etc/ssl/certs/ca-certificates.crt,Internal,PEM certificate in /etc/ssl/certs/ca-certificates.crt,RSA,,,,sha256:2530cc8e98321502bad96f9b1fba1b099e2d299e0f4548bb914f363bc0d4531f,high,No,Unvalidated (automated finding),,,Review,,,classification: quantum-vulnerable; risk: medium
FIND-00146,,,2026-08-12,directly observed,qSearch 1.0.0 (scan collector),source code and certificates,/etc/ssl/certs/ca-certificates.crt,Internal,PEM certificate in /etc/ssl/certs/ca-certificates.crt,RSA,,,,sha256:3c5f81fea5fab82c64bfa2eaecafcde8e077fc8620a7cae537163df36edbf378,high,No,Unvalidated (automated finding),,,Review,,,classification: quantum-vulnerable; risk: medium
FIND-00147,,,2026-08-12,directly observed,qSearch 1.0.0 (scan collector),source code and certificates,/etc/ssl/certs/ca-certificates.crt,Internal,PEM certificate in /etc/ssl/certs/ca-certificates.crt,EC (ECDSA/ECDH),,,,sha256:358df39d764af9e1b766e9c972df352ee15cfac227af6ad1d70e8e4a6edcba02,high,No,Unvalidated (automated finding),,,Review,,,classification: quantum-vulnerable; risk: medium
FIND-00148,,,2026-08-12,directly observed,qSearch 1.0.0 (scan collector),source code and certificates,/etc/ssl/certs/ca-certificates.crt,Internal,PEM certificate in /etc/ssl/certs/ca-certificates.crt,RSA,,,,sha256:c741f70f4b2a8d88bf2e71c14122ef53ef10eba0cfa5e64cfa20f418853073e0,high,No,Unvalidated (automated finding),,,Review,,,classification: quantum-vulnerable; risk: medium
FIND-00149,,,2026-08-12,directly observed,qSearch 1.0.0 (scan collector),source code and certificates,/etc/ssl/certs/ca-certificates.crt,Internal,PEM certificate in /etc/ssl/certs/ca-certificates.crt,RSA,,,,sha256:88f438dcf8ffd1fa8f429115ffe5f82ae1e06e0c70c375faad717b34a49e7265,high,No,Unvalidated (automated finding),,,Review,,,classification: quantum-vulnerable; risk: medium
FIND-00150,,,2026-08-12,directly observed,qSearch 1.0.0 (scan collector),source code and certificates,/etc/ssl/certs/ca-certificates.crt,Internal,PEM certificate in /etc/ssl/certs/ca-certificates.crt,RSA,,,,sha256:6c61dac3a2def031506be036d2a6fe401994fbd13df9c8d466599274c446ec98,high,No,Unvalidated (automated finding),,,Review,,,classification: quantum-vulnerable; risk: medium
FIND-00151,,,2026-08-12,directly observed,qSearch 1.0.0 (scan collector),source code and certificates,/etc/ssl/certs/ca-certificates.crt,Internal,PEM certificate in /etc/ssl/certs/ca-certificates.crt,RSA,,,,sha256:6b9c08e86eb0f767cfad65cd98b62149e5494a67f5845e7bd1ed019f27b86bd6,high,No,Unvalidated (automated finding),,,Review,,,classification: quantum-vulnerable; risk: medium
FIND-00152,,,2026-08-12,directly observed,qSearch 1.0.0 (scan collector),source code and certificates,/etc/ssl/certs/ca-certificates.crt,Internal,PEM certificate in /etc/ssl/certs/ca-certificates.crt,EC (ECDSA/ECDH),,,,sha256:8560f91c3624daba9570b5fea0dbe36ff11a8323be9486854fb3f34a5571198d,high,No,Unvalidated (automated finding),,,Review,,,classification: quantum-vulnerable; risk: medium
FIND-00153,,,2026-08-12,directly observed,qSearch 1.0.0 (scan collector),source code and certificates,/etc/ssl/certs/ca-certificates.crt,Internal,PEM certificate in /etc/ssl/certs/ca-certificates.crt,RSA,,,,sha256:8a866fd1b276b57e578e921c65828a2bed58e9f2f288054134b7f1f4bfc9cc74,high,No,Unvalidated (automated finding),,,Review,,,classification: quantum-vulnerable; risk: medium
FIND-00154,,,2026-08-12,directly observed,qSearch 1.0.0 (scan collector),source code and certificates,/etc/ssl/certs/ca-certificates.crt,Internal,PEM certificate in /etc/ssl/certs/ca-certificates.crt,RSA,,,,sha256:8fe4fb0af93a4d0d67db0bebb23e37c71bf325dcbcdd240ea04daf58b47e1840,high,No,Unvalidated (automated finding),,,Review,,,classification: quantum-vulnerable; risk: medium
FIND-00155,,,2026-08-12,directly observed,qSearch 1.0.0 (scan collector),source code and certificates,/etc/ssl/certs/ca-certificates.crt,Internal,PEM certificate in /etc/ssl/certs/ca-certificates.crt,RSA,,,,sha256:88ef81de202eb018452e43f864725cea5fbd1fc2d9d205730709c5d8b8690f46,high,No,Unvalidated (automated finding),,,Review,,,classification: quantum-vulnerable; risk: medium
FIND-00156,,,2026-08-12,directly observed,qSearch 1.0.0 (scan collector),source code and certificates,/etc/ssl/certs/ca-certificates.crt,Internal,PEM certificate in /etc/ssl/certs/ca-certificates.crt,EC (ECDSA/ECDH),,,,sha256:22a2c1f7bded704cc1e701b5f408c310880fe956b5de2a4a44f99c873a25a7c8,high,No,Unvalidated (automated finding),,,Review,,,classification: quantum-vulnerable; risk: medium
FIND-00157,,,2026-08-12,directly observed,qSearch 1.0.0 (scan collector),source code and certificates,/etc/ssl/certs/ca-certificates.crt,Internal,PEM certificate in /etc/ssl/certs/ca-certificates.crt,RSA,,,,sha256:2e7bf16cc22485a7bbe2aa8696750761b0ae39be3b2fe9d0cc6d4ef73491425c,high,No,Unvalidated (automated finding),,,Review,,,classification: quantum-vulnerable; risk: medium
FIND-00158,,,2026-08-12,directly observed,qSearch 1.0.0 (scan collector),source code and certificates,/etc/ssl/certs/ca-certificates.crt,Internal,PEM certificate in /etc/ssl/certs/ca-certificates.crt,EC (ECDSA/ECDH),,,,sha256:3417bb06cc6007da1b961c920b8ab4ce3fad820e4aa30b9acbc4a74ebdcebc65,high,No,Unvalidated (automated finding),,,Review,,,classification: quantum-vulnerable; risk: medium
FIND-00159,,,2026-08-12,directly observed,qSearch 1.0.0 (scan collector),source code and certificates,/etc/ssl/certs/ca-certificates.crt,Internal,PEM certificate in /etc/ssl/certs/ca-certificates.crt,RSA,,,,sha256:85666a562ee0be5ce925c1d8890a6f76a87ec16d4d7d5f29ea7419cf20123b69,high,No,Unvalidated (automated finding),,,Review,,,classification: quantum-vulnerable; risk: medium
FIND-00160,,,2026-08-12,directly observed,qSearch 1.0.0 (scan collector),source code and certificates,/etc/ssl/certs/ca-certificates.crt,Internal,PEM certificate in /etc/ssl/certs/ca-certificates.crt,RSA,,,,sha256:a1339d33281a0b56e557d3d32b1ce7f9367eb094bd5fa72a7e5004c8ded7cafe,high,No,Unvalidated (automated finding),,,Review,,,classification: quantum-vulnerable; risk: medium
FIND-00161,,,2026-08-12,directly observed,qSearch 1.0.0 (scan collector),source code and certificates,/etc/ssl/certs/ca-certificates.crt,Internal,PEM certificate in /etc/ssl/certs/ca-certificates.crt,RSA,,,,sha256:513b2cecb810d4cde5dd85391adfc6c2dd60d87bb736d2b521484aa47a0ebef6,high,No,Unvalidated (automated finding),,,Review,,,classification: quantum-vulnerable; risk: medium
FIND-00162,,,2026-08-12,directly observed,qSearch 1.0.0 (scan collector),source code and certificates,/etc/ssl/certs/ca-certificates.crt,Internal,PEM certificate in /etc/ssl/certs/ca-certificates.crt,RSA,,,,sha256:2ce1cb0bf9d2f9e102993fbe215152c3b2dd0cabde1c68e5319b839154dbb7f5,high,No,Unvalidated (automated finding),,,Review,,,classification: quantum-vulnerable; risk: medium
FIND-00163,,,2026-08-12,directly observed,qSearch 1.0.0 (scan collector),source code and certificates,/etc/ssl/certs/ca-certificates.crt,Internal,PEM certificate in /etc/ssl/certs/ca-certificates.crt,RSA,,,,sha256:568d6905a2c88708a4b3025190edcfedb1974a606a13c6e5290fcb2ae63edab5,high,No,Unvalidated (automated finding),,,Review,,,classification: quantum-vulnerable; risk: medium
FIND-00164,,,2026-08-12,directly observed,qSearch 1.0.0 (scan collector),source code and certificates,/etc/ssl/certs/ca-certificates.crt,Internal,PEM certificate in /etc/ssl/certs/ca-certificates.crt,RSA,,,,sha256:91e2f5788d5810eba7ba58737de1548a8ecacd014598bc0b143e041b17052552,high,No,Unvalidated (automated finding),,,Review,,,classification: quantum-vulnerable; risk: medium
FIND-00165,,,2026-08-12,directly observed,qSearch 1.0.0 (scan collector),source code and certificates,/etc/ssl/certs/ca-certificates.crt,Internal,PEM certificate in /etc/ssl/certs/ca-certificates.crt,RSA,,,,sha256:fd73dad31c644ff1b43bef0ccdda96710b9cd9875eca7e31707af3e96d522bbd,high,No,Unvalidated (automated finding),,,Review,,,classification: quantum-vulnerable; risk: medium
FIND-00166,,,2026-08-12,directly observed,qSearch 1.0.0 (scan collector),source code and certificates,/etc/ssl/certs/ca-certificates.crt,Internal,PEM certificate in /etc/ssl/certs/ca-certificates.crt,RSA,,,,sha256:46edc3689046d53a453fb3104ab80dcaec658b2660ea1629dd7e867990648716,high,No,Unvalidated (automated finding),,,Review,,,classification: quantum-vulnerable; risk: medium
FIND-00167,,,2026-08-12,directly observed,qSearch 1.0.0 (scan collector),source code and certificates,/etc/ssl/certs/ca-certificates.crt,Internal,PEM certificate in /etc/ssl/certs/ca-certificates.crt,RSA,,,,sha256:59769007f7685d0fcd50872f9f95d5755a5b2b457d81f3692b610a98672f0e1b,high,No,Unvalidated (automated finding),,,Review,,,classification: quantum-vulnerable; risk: medium
FIND-00168,,,2026-08-12,directly observed,qSearch 1.0.0 (scan collector),source code and certificates,/etc/ssl/certs/ca-certificates.crt,Internal,PEM certificate in /etc/ssl/certs/ca-certificates.crt,RSA,,,,sha256:bfd88fe1101c41ae3e801bf8be56350ee9bad1a6b9bd515edc5c6d5b8711ac44,high,No,Unvalidated (automated finding),,,Review,,,classification: quantum-vulnerable; risk: medium
FIND-00169,,,2026-08-12,directly observed,qSearch 1.0.0 (scan collector),source code and certificates,/etc/ssl/certs/ca-certificates.crt,Internal,PEM certificate in /etc/ssl/certs/ca-certificates.crt,RSA,,,,sha256:d43af9b35473755c9684fc06d7d8cb70ee5c28e773fb294eb41ee71722924d24,high,No,Unvalidated (automated finding),,,Review,,,classification: quantum-vulnerable; risk: medium
FIND-00170,,,2026-08-12,directly observed,qSearch 1.0.0 (scan collector),source code and certificates,/etc/ssl/certs/ca-certificates.crt,Internal,PEM certificate in /etc/ssl/certs/ca-certificates.crt,RSA,,,,sha256:9bea11c976fe014764c1be56a6f914b5a560317abd9988393382e5161aa0493c,high,No,Unvalidated (automated finding),,,Review,,,classification: quantum-vulnerable; risk: medium
FIND-00171,,,2026-08-12,directly observed,qSearch 1.0.0 (scan collector),source code and certificates,/etc/ssl/certs/ca-certificates.crt,Internal,PEM certificate in /etc/ssl/certs/ca-certificates.crt,EC (ECDSA/ECDH),,,,sha256:4ff460d54b9c86dabfbcfc5712e0400d2bed3fbc4d4fbdaa86e06adcd2a9ad7a,high,No,Unvalidated (automated finding),,,Review,,,classification: quantum-vulnerable; risk: medium
FIND-00172,,,2026-08-12,directly observed,qSearch 1.0.0 (scan collector),source code and certificates,/etc/ssl/certs/ca-certificates.crt,Internal,PEM certificate in /etc/ssl/certs/ca-certificates.crt,RSA,,,,sha256:e793c9b02fd8aa13e21c31228accb08119643b749c898964b1746d46c3d4cbd2,high,No,Unvalidated (automated finding),,,Review,,,classification: quantum-vulnerable; risk: medium
FIND-00173,,,2026-08-12,directly observed,qSearch 1.0.0 (scan collector),source code and certificates,/etc/ssl/certs/ca-certificates.crt,Internal,PEM certificate in /etc/ssl/certs/ca-certificates.crt,RSA,,,,sha256:657cfe2fa73faa38462571f332a2363a46fce7020951710702cdfbb6eeda3305,high,No,Unvalidated (automated finding),,,Review,,,classification: quantum-vulnerable; risk: medium
FIND-00174,,,2026-08-12,directly observed,qSearch 1.0.0 (scan collector),source code and certificates,/etc/ssl/certs/ca-certificates.crt,Internal,PEM certificate in /etc/ssl/certs/ca-certificates.crt,EC (ECDSA/ECDH),,,,sha256:beb00b30839b9bc32c32e4447905950641f26421b15ed089198b518ae2ea1b99,high,No,Unvalidated (automated finding),,,Review,,,classification: quantum-vulnerable; risk: medium
FIND-00175,,,2026-08-12,directly observed,qSearch 1.0.0 (scan collector),source code and certificates,/etc/ssl/certs/ca-certificates.crt,Internal,PEM certificate in /etc/ssl/certs/ca-certificates.crt,RSA,,,,sha256:c0a6f4dc63a24bfdcf54ef2a6a082a0a72de35803e2ff5ff527ae5d87206dfd5,high,No,Unvalidated (automated finding),,,Review,,,classification: quantum-vulnerable; risk: medium
FIND-00176,,,2026-08-12,directly observed,qSearch 1.0.0 (scan collector),source code and certificates,/etc/ssl/certs/ca-certificates.crt,Internal,PEM certificate in /etc/ssl/certs/ca-certificates.crt,EC (ECDSA/ECDH),,,,sha256:bc4d809b15189d78db3e1d8cf4f9726a795da1643ca5f1358e1ddb0edc0d7eb3,high,No,Unvalidated (automated finding),,,Review,,,classification: quantum-vulnerable; risk: medium
FIND-00177,,,2026-08-12,directly observed,qSearch 1.0.0 (scan collector),source code and certificates,/etc/ssl/certs/ca-certificates.crt,Internal,PEM certificate in /etc/ssl/certs/ca-certificates.crt,EC (ECDSA/ECDH),,,,sha256:86a1ecba089c4a8d3bbe2734c612ba341d813e043cf9e8a862cd5c57a36bbe6b,high,No,Unvalidated (automated finding),,,Review,,,classification: quantum-vulnerable; risk: medium
FIND-00178,,,2026-08-12,directly observed,qSearch 1.0.0 (scan collector),source code and certificates,/etc/ssl/certs/ca-certificates.crt,Internal,PEM certificate in /etc/ssl/certs/ca-certificates.crt,RSA,,,,sha256:125609aa301da0a249b97a8239cb6a34216f44dcac9f3954b14292f2e8c8608f,high,No,Unvalidated (automated finding),,,Review,,,classification: quantum-vulnerable; risk: medium
FIND-00179,,,2026-08-12,directly observed,qSearch 1.0.0 (scan collector),source code and certificates,/etc/ssl/certs/ca-certificates.crt,Internal,PEM certificate in /etc/ssl/certs/ca-certificates.crt,RSA,,,,sha256:40f6af0346a99aa1cd1d555a4e9cce62c7f9634603ee406615833dc8c8d00367,high,No,Unvalidated (automated finding),,,Review,,,classification: quantum-vulnerable; risk: medium
FIND-00180,,,2026-08-12,directly observed,qSearch 1.0.0 (scan collector),source code and certificates,/etc/ssl/certs/ca-certificates.crt,Internal,PEM certificate in /etc/ssl/certs/ca-certificates.crt,EC (ECDSA/ECDH),,,,sha256:b2fae53e14ccd7ab9212064701ae279c1d8988facb775fa8a008914e663988a8,high,No,Unvalidated (automated finding),,,Review,,,classification: quantum-vulnerable; risk: medium
FIND-00181,,,2026-08-12,directly observed,qSearch 1.0.0 (scan collector),source code and certificates,/etc/ssl/certs/ca-certificates.crt,Internal,PEM certificate in /etc/ssl/certs/ca-certificates.crt,RSA,,,,sha256:81a9088ea59fb364c548a6f85559099b6f0405efbf18e5324ec9f457ba00112f,high,No,Unvalidated (automated finding),,,Review,,,classification: quantum-vulnerable; risk: medium
FIND-00182,,,2026-08-12,directly observed,qSearch 1.0.0 (scan collector),source code and certificates,/etc/ssl/certs/ca-certificates.crt,Internal,PEM certificate in /etc/ssl/certs/ca-certificates.crt,RSA,,,,sha256:f3896f88fe7c0a882766a7fa6ad2749fb57a7f3e98fb769c1fa7b09c2c44d5ae,high,No,Unvalidated (automated finding),,,Review,,,classification: quantum-vulnerable; risk: medium
FIND-00183,,,2026-08-12,directly observed,qSearch 1.0.0 (scan collector),source code and certificates,/etc/ssl/certs/ca-certificates.crt,Internal,PEM certificate in /etc/ssl/certs/ca-certificates.crt,EC (ECDSA/ECDH),,,,sha256:574df6931e278039667b720afdc1600fc27eb66dd3092979fb73856487212882,high,No,Unvalidated (automated finding),,,Review,,,classification: quantum-vulnerable; risk: medium
FIND-00184,,,2026-08-12,directly observed,qSearch 1.0.0 (scan collector),source code and certificates,/etc/ssl/certs/ca-certificates.crt,Internal,PEM certificate in /etc/ssl/certs/ca-certificates.crt,EC (ECDSA/ECDH),,,,sha256:b4585f22e4ac756a4e8612a1361c5d9d031a93fd84febb778fa3068b0fc42dc2,high,No,Unvalidated (automated finding),,,Review,,,classification: quantum-vulnerable; risk: medium
FIND-00185,,,2026-08-12,directly observed,qSearch 1.0.0 (scan collector),source code and certificates,/etc/ssl/certs/ca-certificates.crt,Internal,PEM certificate in /etc/ssl/certs/ca-certificates.crt,RSA,,,,sha256:77b82cd8644c4305f7acc5cb156b45675004033d51c60c6202a8e0c33467d3a0,high,No,Unvalidated (automated finding),,,Review,,,classification: quantum-vulnerable; risk: medium
FIND-00186,,,2026-08-12,directly observed,qSearch 1.0.0 (scan collector),source code and certificates,/etc/ssl/certs/ca-certificates.crt,Internal,PEM certificate in /etc/ssl/certs/ca-certificates.crt,EC (ECDSA/ECDH),,,,sha256:e59aaa816009c22bff5b25bad37df306f049797c1f81d85ab089e657bd8f0044,high,No,Unvalidated (automated finding),,,Review,,,classification: quantum-vulnerable; risk: medium
FIND-00187,,,2026-08-12,directly observed,qSearch 1.0.0 (scan collector),source code and certificates,/etc/ssl/certs/ca-certificates.crt,Internal,PEM certificate in /etc/ssl/certs/ca-certificates.crt,EC (ECDSA/ECDH),,,,sha256:08170d1aa36453901a2f959245e347db0c8d37abaabc56b81aa100dc958970db,high,No,Unvalidated (automated finding),,,Review,,,classification: quantum-vulnerable; risk: medium
FIND-00188,,,2026-08-12,directly observed,qSearch 1.0.0 (scan collector),source code and certificates,/etc/ssl/certs/ca-certificates.crt,Internal,PEM certificate in /etc/ssl/certs/ca-certificates.crt,EC (ECDSA/ECDH),,,,sha256:018e13f0772532cf809bd1b17281867283fc48c6e13be9c69812854a490c1b05,high,No,Unvalidated (automated finding),,,Review,,,classification: quantum-vulnerable; risk: medium
FIND-00189,,,2026-08-12,directly observed,qSearch 1.0.0 (scan collector),source code and certificates,/etc/ssl/certs/ca-certificates.crt,Internal,PEM certificate in /etc/ssl/certs/ca-certificates.crt,RSA,,,,sha256:371a00dc0533b3721a7eeb40e8419e70799d2b0a0f2c1d80693165f7cec4ad75,high,No,Unvalidated (automated finding),,,Review,,,classification: quantum-vulnerable; risk: medium
FIND-00190,,,2026-08-12,directly observed,qSearch 1.0.0 (scan collector),source code and certificates,/etc/ssl/certs/ca-certificates.crt,Internal,PEM certificate in /etc/ssl/certs/ca-certificates.crt,EC (ECDSA/ECDH),,,,sha256:3f99cc474acfce4dfed58794665e478d1547739f2e780f1bb4ca9b133097d401,high,No,Unvalidated (automated finding),,,Review,,,classification: quantum-vulnerable; risk: medium
FIND-00191,,,2026-08-12,directly observed,qSearch 1.0.0 (scan collector),source code and certificates,/etc/ssl/certs/ca-certificates.crt,Internal,PEM certificate in /etc/ssl/certs/ca-certificates.crt,RSA,,,,sha256:d95d0e8eda79525bf9beb11b14d2100d3294985f0c62d9fabd9cd999eccb7b1d,high,No,Unvalidated (automated finding),,,Review,,,classification: quantum-vulnerable; risk: medium
FIND-00192,,,2026-08-12,directly observed,qSearch 1.0.0 (scan collector),source code and certificates,/etc/ssl/certs/ca-certificates.crt,Internal,PEM certificate in /etc/ssl/certs/ca-certificates.crt,RSA,,,,sha256:f015ce3cc239bfef064be9f1d2c417e1a0264a0a94be1f0c8d121864eb6949cc,high,No,Unvalidated (automated finding),,,Review,,,classification: quantum-vulnerable; risk: medium
FIND-00193,,,2026-08-12,directly observed,qSearch 1.0.0 (scan collector),source code and certificates,/etc/ssl/certs/ca-certificates.crt,Internal,PEM certificate in /etc/ssl/certs/ca-certificates.crt,EC (ECDSA/ECDH),,,,sha256:69729b8e15a86efc177a57afb7171dfc64add28c2fca8cf1507e34453ccb1470,high,No,Unvalidated (automated finding),,,Review,,,classification: quantum-vulnerable; risk: medium
FIND-00194,,,2026-08-12,directly observed,qSearch 1.0.0 (scan collector),source code and certificates,/etc/ssl/certs/ca-certificates.crt,Internal,PEM certificate in /etc/ssl/certs/ca-certificates.crt,EC (ECDSA/ECDH),,,,sha256:c32ffd9f46f936d16c3673990959434b9ad60aafbb9e7cf33654f144cc1ba143,high,No,Unvalidated (automated finding),,,Review,,,classification: quantum-vulnerable; risk: medium
FIND-00195,,,2026-08-12,directly observed,qSearch 1.0.0 (scan collector),source code and certificates,/etc/ssl/certs/ca-certificates.crt,Internal,PEM certificate in /etc/ssl/certs/ca-certificates.crt,RSA,,,,sha256:8faf7d2e2cb4709bb8e0b33666bf75a5dd45b5de480f8ea8d4bfe6bebc17f2ed,high,No,Unvalidated (automated finding),,,Review,,,classification: quantum-vulnerable; risk: medium
FIND-00196,,,2026-08-12,directly observed,qSearch 1.0.0 (scan collector),source code and certificates,/etc/ssl/certs/ca-certificates.crt,Internal,PEM certificate in /etc/ssl/certs/ca-certificates.crt,EC (ECDSA/ECDH),,,,sha256:c90f26f0fb1b4018b22227519b5ca2b53e2ca5b3be5cf18efe1bef47380c5383,high,No,Unvalidated (automated finding),,,Review,,,classification: quantum-vulnerable; risk: medium
FIND-00197,,,2026-08-12,directly observed,qSearch 1.0.0 (scan collector),source code and certificates,/etc/ssl/certs/ca-certificates.crt,Internal,PEM certificate in /etc/ssl/certs/ca-certificates.crt,RSA,,,,sha256:7bb647a62aeeac88bf257aa522d01ffea395e0ab45c73f93f65654ec38f25a06,high,No,Unvalidated (automated finding),,,Review,,,classification: quantum-vulnerable; risk: medium
FIND-00198,,,2026-08-12,directly observed,qSearch 1.0.0 (scan collector),source code and certificates,/etc/ssl/certs/ca-certificates.crt,Internal,PEM certificate in /etc/ssl/certs/ca-certificates.crt,EC (ECDSA/ECDH),,,,sha256:e74fbda55bd564c473a36b441aa799c8a68e077440e8288b9fa1e50e4bbaca11,high,No,Unvalidated (automated finding),,,Review,,,classification: quantum-vulnerable; risk: medium
FIND-00199,,,2026-08-12,directly observed,qSearch 1.0.0 (scan collector),source code and certificates,/etc/ssl/certs/ca-certificates.crt,Internal,PEM certificate in /etc/ssl/certs/ca-certificates.crt,RSA,,,,sha256:242b69742fcb1e5b2abf98898b94572187544e5b4d9911786573621f6a74b82c,high,No,Unvalidated (automated finding),,,Review,,,classification: quantum-vulnerable; risk: medium
FIND-00200,,,2026-08-12,directly observed,qSearch 1.0.0 (scan collector),source code and certificates,/etc/ssl/certs/ca-certificates.crt,Internal,PEM certificate in /etc/ssl/certs/ca-certificates.crt,RSA,,,,sha256:e0d3226aeb1163c2e48ff9be3b50b4c6431be7bb1eacc5c36b5d5ec509039a08,high,No,Unvalidated (automated finding),,,Review,,,classification: quantum-vulnerable; risk: medium
FIND-00201,,,2026-08-12,directly observed,qSearch 1.0.0 (scan collector),source code and certificates,/etc/ssl/certs/ca-certificates.crt,Internal,PEM certificate in /etc/ssl/certs/ca-certificates.crt,EC (ECDSA/ECDH),,,,sha256:be4b56cb5056c0136a526df444508daa36a0b54f42e4ac38f72af470e479654c,high,No,Unvalidated (automated finding),,,Review,,,classification: quantum-vulnerable; risk: medium
FIND-00202,,,2026-08-12,directly observed,qSearch 1.0.0 (scan collector),source code and certificates,/etc/ssl/certs/ca-certificates.crt,Internal,PEM certificate in /etc/ssl/certs/ca-certificates.crt,RSA,,,,sha256:2e44102ab58cb85419451c8e19d9acf3662cafbc614b6a53960a30f7d0e2eb41,high,No,Unvalidated (automated finding),,,Review,,,classification: quantum-vulnerable; risk: medium
FIND-00203,,,2026-08-12,directly observed,qSearch 1.0.0 (scan collector),source code and certificates,/etc/ssl/certs/ca-certificates.crt,Internal,PEM certificate in /etc/ssl/certs/ca-certificates.crt,EC (ECDSA/ECDH),,,,sha256:30fbba2c32238e2a98547af97931e550428b9b3f1c8eeb6633dcfa86c5b27dd3,high,No,Unvalidated (automated finding),,,Review,,,classification: quantum-vulnerable; risk: medium
FIND-00204,,,2026-08-12,directly observed,qSearch 1.0.0 (scan collector),source code and certificates,/etc/ssl/certs/ca-certificates.crt,Internal,PEM certificate in /etc/ssl/certs/ca-certificates.crt,RSA,,,,sha256:8a71de6559336f426c26e53880d00d88a18da4c6a91f0dcb6194e206c5c96387,high,No,Unvalidated (automated finding),,,Review,,,classification: quantum-vulnerable; risk: medium
FIND-00205,,,2026-08-12,directly observed,qSearch 1.0.0 (scan collector),source code and certificates,/etc/ssl/certs/ca-certificates.crt,Internal,PEM certificate in /etc/ssl/certs/ca-certificates.crt,RSA,,,,sha256:0552e6f83fdf65e8fa9670e666df28a4e21340b510cbe52566f97c4fb94b2bd1,high,No,Unvalidated (automated finding),,,Review,,,classification: quantum-vulnerable; risk: medium
FIND-00206,,,2026-08-12,directly observed,qSearch 1.0.0 (scan collector),source code and certificates,/etc/ssl/certs/ca-certificates.crt,Internal,PEM certificate in /etc/ssl/certs/ca-certificates.crt,RSA,,,,sha256:8e8221b2e7d4007836a1672f0dcc299c33bc07d316f132fa1a206d587150f1ce,high,No,Unvalidated (automated finding),,,Review,,,classification: quantum-vulnerable; risk: medium
FIND-00207,,,2026-08-12,directly observed,qSearch 1.0.0 (scan collector),source code and certificates,/etc/ssl/certs/ca-certificates.crt,Internal,PEM certificate in /etc/ssl/certs/ca-certificates.crt,EC (ECDSA/ECDH),,,,sha256:eec997c0c30f216f7e3b8b307d2bae42412d753fc8219dafd1520b2572850f49,high,No,Unvalidated (automated finding),,,Review,,,classification: quantum-vulnerable; risk: medium
FIND-00208,,,2026-08-12,directly observed,qSearch 1.0.0 (scan collector),source code and certificates,/etc/ssl/certs/ca-certificates.crt,Internal,PEM certificate in /etc/ssl/certs/ca-certificates.crt,RSA,,,,sha256:9ae36232a5189ffddb353dfd26520c015395d22777dac59db57b98c089a651e6,high,No,Unvalidated (automated finding),,,Review,,,classification: quantum-vulnerable; risk: medium
FIND-00209,,,2026-08-12,directly observed,qSearch 1.0.0 (scan collector),source code and certificates,/etc/ssl/certs/ca-certificates.crt,Internal,PEM certificate in /etc/ssl/certs/ca-certificates.crt,RSA,,,,sha256:3f034bb5704d44b2d08545a02057de93ebf3905fce721acbc730c06ddaee904e,high,No,Unvalidated (automated finding),,,Review,,,classification: quantum-vulnerable; risk: medium
FIND-00210,,,2026-08-12,directly observed,qSearch 1.0.0 (scan collector),source code and certificates,/etc/ssl/certs/ca-certificates.crt,Internal,PEM certificate in /etc/ssl/certs/ca-certificates.crt,RSA,,,,sha256:4b009c1034494f9ab56bba3ba1d62731fc4d20d8955adcec10a925607261e338,high,No,Unvalidated (automated finding),,,Review,,,classification: quantum-vulnerable; risk: medium
FIND-00211,,,2026-08-12,directly observed,qSearch 1.0.0 (scan collector),source code and certificates,/etc/ssl/certs/ca-certificates.crt,Internal,PEM certificate in /etc/ssl/certs/ca-certificates.crt,EC (ECDSA/ECDH),,,,sha256:e778f0f095fe843729cd1a0082179e5314a9c291442805e1fb1d8fb6b8886c3a,high,No,Unvalidated (automated finding),,,Review,,,classification: quantum-vulnerable; risk: medium
FIND-00212,,,2026-08-12,directly observed,qSearch 1.0.0 (scan collector),source code and certificates,/etc/ssl/certs/ca-certificates.crt,Internal,PEM certificate in /etc/ssl/certs/ca-certificates.crt,RSA,,,,sha256:193144f431e0fddb740717d4de926a571133884b4360d30e272913cbe660ce41,high,No,Unvalidated (automated finding),,,Review,,,classification: quantum-vulnerable; risk: medium
FIND-00213,,,2026-08-12,directly observed,qSearch 1.0.0 (scan collector),source code and certificates,/etc/ssl/certs/ca-certificates.crt,Internal,PEM certificate in /etc/ssl/certs/ca-certificates.crt,RSA,,,,sha256:3f63bb2814be174ec8b6439cf08d6d56f0b7c405883a5648a334424d6b3ec558,high,No,Unvalidated (automated finding),,,Review,,,classification: quantum-vulnerable; risk: medium
FIND-00214,,,2026-08-12,directly observed,qSearch 1.0.0 (scan collector),source code and certificates,/etc/ssl/certs/ca-certificates.crt,Internal,PEM certificate in /etc/ssl/certs/ca-certificates.crt,EC (ECDSA/ECDH),,,,sha256:578af4ded0853f4e5998db4aeaf9cbea8d945f60b620a38d1a3c13b2bc7ba8e1,high,No,Unvalidated (automated finding),,,Review,,,classification: quantum-vulnerable; risk: medium
FIND-00215,,,2026-08-12,directly observed,qSearch 1.0.0 (scan collector),source code and certificates,/etc/ssl/certs/ca-certificates.crt,Internal,PEM certificate in /etc/ssl/certs/ca-certificates.crt,RSA,,,,sha256:efc65cadbb59adb6efe84da22311b35624b71b3b1ea0da8b6655174ec8978646,high,No,Unvalidated (automated finding),,,Review,,,classification: quantum-vulnerable; risk: medium
FIND-00216,,,2026-08-12,directly observed,qSearch 1.0.0 (scan collector),source code and certificates,/etc/ssl/certs/ca-certificates.crt,Internal,PEM certificate in /etc/ssl/certs/ca-certificates.crt,EC (ECDSA/ECDH),,,,sha256:c0076b9ef0531fb1a656d67c4ebe97cd5dbaa41ef44598acc2489878c92d8711,high,No,Unvalidated (automated finding),,,Review,,,classification: quantum-vulnerable; risk: medium
FIND-00217,,,2026-08-12,directly observed,qSearch 1.0.0 (scan collector),source code and certificates,/etc/ssl/certs/ca-certificates.crt,Internal,PEM certificate in /etc/ssl/certs/ca-certificates.crt,RSA,,,,sha256:06c08d7dafd876971eb1124fe67f847ec0c7a158d3ea53cbe940e2ea9791f4c3,high,No,Unvalidated (automated finding),,,Review,,,classification: quantum-vulnerable; risk: medium
FIND-00218,,,2026-08-12,directly observed,qSearch 1.0.0 (scan collector),source code and certificates,/etc/ssl/certs/ca-certificates.crt,Internal,PEM certificate in /etc/ssl/certs/ca-certificates.crt,EC (ECDSA/ECDH),,,,sha256:b49141502d00663d740f2e7ec340c52800962666121a36d09cf7dd2b90384fb4,high,No,Unvalidated (automated finding),,,Review,,,classification: quantum-vulnerable; risk: medium
FIND-00219,,,2026-08-12,statically detected,qSearch 1.0.0 (scan collector),source code and certificates,/etc/ssl/certs/ca-certificates.crt,Internal,"pattern ""RC4"": dXN0IFN5c3RlbXMgQ08uLExURC4xJzAlBgNVBAsTHlNlY3VyaXR5IENvbW11bmlj",RC4,,,,/etc/ssl/certs/ca-certificates.crt:1623,medium,No,Unvalidated (automated finding),,,Review,,,classification: quantum-vulnerable; risk: medium
FIND-00220,,,2026-08-12,statically detected,qSearch 1.0.0 (scan collector),source code and certificates,/etc/ssl/certs/ca-certificates.crt,Internal,"pattern ""RC4"": VBcZEhrxH9cMaVr2cXj0lH2RC47skFSOvG+hTKv8dGT9cZr4QQehzZHkPJrgmzI5",RC4,,,,/etc/ssl/certs/ca-certificates.crt:1831,medium,No,Unvalidated (automated finding),,,Review,,,classification: quantum-vulnerable; risk: medium
FIND-00221,,,2026-08-12,statically detected,qSearch 1.0.0 (scan collector),source code and certificates,/etc/ssl/certs/ca-certificates.crt,Internal,"pattern ""RC4"": HFNFQ09NIFRydXN0IFN5c3RlbXMgQ08uLExURC4xKzApBgNVBAMTIlNlY3VyaXR5",RC4,,,,/etc/ssl/certs/ca-certificates.crt:2479,medium,No,Unvalidated (automated finding),,,Review,,,classification: quantum-vulnerable; risk: medium
FIND-00222,,,2026-08-12,directly observed,qSearch 1.0.0 (scan collector),source code and certificates,/etc/ssl/certs/NetLock_Arany_=Class_Gold=_Főtanúsítvány.pem,Internal,PEM certificate in /etc/ssl/certs/NetLock_Arany_=Class_Gold=_Főtanúsítvány.pem,RSA,,,,sha256:6c61dac3a2def031506be036d2a6fe401994fbd13df9c8d466599274c446ec98,high,No,Unvalidated (automated finding),,,Review,,,classification: quantum-vulnerable; risk: medium
FIND-00223,,,2026-08-12,directly observed,qSearch 1.0.0 (scan collector),source code and certificates,/etc/ssl/certs/vTrus_Root_CA.pem,Internal,PEM certificate in /etc/ssl/certs/vTrus_Root_CA.pem,RSA,,,,sha256:8a71de6559336f426c26e53880d00d88a18da4c6a91f0dcb6194e206c5c96387,high,No,Unvalidated (automated finding),,,Review,,,classification: quantum-vulnerable; risk: medium
FIND-00224,,,2026-08-12,directly observed,qSearch 1.0.0 (scan collector),source code and certificates,/etc/ssl/certs/Microsec_e-Szigno_Root_CA_2009.pem,Internal,PEM certificate in /etc/ssl/certs/Microsec_e-Szigno_Root_CA_2009.pem,RSA,,,,sha256:3c5f81fea5fab82c64bfa2eaecafcde8e077fc8620a7cae537163df36edbf378,high,No,Unvalidated (automated finding),,,Review,,,classification: quantum-vulnerable; risk: medium
FIND-00225,,,2026-08-12,directly observed,qSearch 1.0.0 (scan collector),source code and certificates,/etc/ssl/certs/ISRG_Root_X2.pem,Internal,PEM certificate in /etc/ssl/certs/ISRG_Root_X2.pem,EC (ECDSA/ECDH),,,,sha256:69729b8e15a86efc177a57afb7171dfc64add28c2fca8cf1507e34453ccb1470,high,No,Unvalidated (automated finding),,,Review,,,classification: quantum-vulnerable; risk: medium
FIND-00226,,,2026-08-12,directly observed,qSearch 1.0.0 (scan collector),source code and certificates,/etc/ssl/certs/Certum_Trusted_Network_CA_2.pem,Internal,PEM certificate in /etc/ssl/certs/Certum_Trusted_Network_CA_2.pem,RSA,,,,sha256:b676f2eddae8775cd36cb0f63cd1d4603961f49e6265ba013a2f0307b6d0b804,high,No,Unvalidated (automated finding),,,Review,,,classification: quantum-vulnerable; risk: medium
FIND-00227,,,2026-08-12,directly observed,qSearch 1.0.0 (scan collector),source code and certificates,/etc/ssl/certs/cd58d51e.0,Internal,PEM certificate in /etc/ssl/certs/cd58d51e.0,RSA,,,,sha256:513b2cecb810d4cde5dd85391adfc6c2dd60d87bb736d2b521484aa47a0ebef6,high,No,Unvalidated (automated finding),,,Review,,,classification: quantum-vulnerable; risk: medium
FIND-00228,,,2026-08-12,directly observed,qSearch 1.0.0 (scan collector),source code and certificates,/etc/ssl/certs/ssl-cert-snakeoil.pem,Internal,PEM certificate in /etc/ssl/certs/ssl-cert-snakeoil.pem,RSA,,,,sha256:cdd76bbcf2a9d720ad770c62b408c8ec9b6ddb1622d88de7f4e29dbe7c0b34fe,high,No,Unvalidated (automated finding),,,Review,,,classification: quantum-vulnerable; risk: medium
FIND-00229,,,2026-08-12,directly observed,qSearch 1.0.0 (scan collector),source code and certificates,/etc/ssl/certs/GlobalSign_Root_E46.pem,Internal,PEM certificate in /etc/ssl/certs/GlobalSign_Root_E46.pem,EC (ECDSA/ECDH),,,,sha256:cbb9c44d84b8043e1050ea31a69f514955d7bfd2e2c6b49301019ad61d9f5058,high,No,Unvalidated (automated finding),,,Review,,,classification: quantum-vulnerable; risk: medium
FIND-00230,,,2026-08-12,directly observed,qSearch 1.0.0 (scan collector),source code and certificates,/etc/ssl/certs/SSL.com_Root_Certification_Authority_RSA.pem,Internal,PEM certificate in /etc/ssl/certs/SSL.com_Root_Certification_Authority_RSA.pem,RSA,,,,sha256:85666a562ee0be5ce925c1d8890a6f76a87ec16d4d7d5f29ea7419cf20123b69,high,No,Unvalidated (automated finding),,,Review,,,classification: quantum-vulnerable; risk: medium
FIND-00231,,,2026-08-12,directly observed,qSearch 1.0.0 (scan collector),source code and certificates,/etc/ssl/certs/14bc7599.0,Internal,PEM certificate in /etc/ssl/certs/14bc7599.0,EC (ECDSA/ECDH),,,,sha256:86a1ecba089c4a8d3bbe2734c612ba341d813e043cf9e8a862cd5c57a36bbe6b,high,No,Unvalidated (automated finding),,,Review,,,classification: quantum-vulnerable; risk: medium
FIND-00232,,,2026-08-12,directly observed,qSearch 1.0.0 (scan collector),source code and certificates,/etc/ssl/certs/D-TRUST_Root_Class_3_CA_2_EV_2009.pem,Internal,PEM certificate in /etc/ssl/certs/D-TRUST_Root_Class_3_CA_2_EV_2009.pem,RSA,,,,sha256:eec5496b988ce98625b934092eec2908bed0b0f316c2d4730c84eaf1f3d34881,high,No,Unvalidated (automated finding),,,Review,,,classification: quantum-vulnerable; risk: medium
FIND-00233,,,2026-08-12,directly observed,qSearch 1.0.0 (scan collector),source code and certificates,/etc/ssl/certs/SZAFIR_ROOT_CA2.pem,Internal,PEM certificate in /etc/ssl/certs/SZAFIR_ROOT_CA2.pem,RSA,,,,sha256:a1339d33281a0b56e557d3d32b1ce7f9367eb094bd5fa72a7e5004c8ded7cafe,high,No,Unvalidated (automated finding),,,Review,,,classification: quantum-vulnerable; risk: medium
FIND-00234,,,2026-08-12,directly observed,qSearch 1.0.0 (scan collector),source code and certificates,/etc/ssl/certs/TrustAsia_TLS_ECC_Root_CA.pem,Internal,PEM certificate in /etc/ssl/certs/TrustAsia_TLS_ECC_Root_CA.pem,EC (ECDSA/ECDH),,,,sha256:c0076b9ef0531fb1a656d67c4ebe97cd5dbaa41ef44598acc2489878c92d8711,high,No,Unvalidated (automated finding),,,Review,,,classification: quantum-vulnerable; risk: medium
FIND-00235,,,2026-08-12,directly observed,qSearch 1.0.0 (scan collector),source code and certificates,/etc/ssl/certs/Telia_Root_CA_v2.pem,Internal,PEM certificate in /etc/ssl/certs/Telia_Root_CA_v2.pem,RSA,,,,sha256:242b69742fcb1e5b2abf98898b94572187544e5b4d9911786573621f6a74b82c,high,No,Unvalidated (automated finding),,,Review,,,classification: quantum-vulnerable; risk: medium
FIND-00236,,,2026-08-12,directly observed,qSearch 1.0.0 (scan collector),source code and certificates,/etc/ssl/certs/Izenpe.com.pem,Internal,PEM certificate in /etc/ssl/certs/Izenpe.com.pem,RSA,,,,sha256:2530cc8e98321502bad96f9b1fba1b099e2d299e0f4548bb914f363bc0d4531f,high,No,Unvalidated (automated finding),,,Review,,,classification: quantum-vulnerable; risk: medium
FIND-00237,,,2026-08-12,directly observed,qSearch 1.0.0 (scan collector),source code and certificates,/etc/ssl/certs/8f103249.0,Internal,PEM certificate in /etc/ssl/certs/8f103249.0,RSA,,,,sha256:242b69742fcb1e5b2abf98898b94572187544e5b4d9911786573621f6a74b82c,high,No,Unvalidated (automated finding),,,Review,,,classification: quantum-vulnerable; risk: medium
FIND-00238,,,2026-08-12,directly observed,qSearch 1.0.0 (scan collector),source code and certificates,/etc/ssl/certs/e73d606e.0,Internal,PEM certificate in /etc/ssl/certs/e73d606e.0,RSA,,,,sha256:6b9c08e86eb0f767cfad65cd98b62149e5494a67f5845e7bd1ed019f27b86bd6,high,No,Unvalidated (automated finding),,,Review,,,classification: quantum-vulnerable; risk: medium
FIND-00239,,,2026-08-12,directly observed,qSearch 1.0.0 (scan collector),source code and certificates,/etc/ssl/certs/HARICA_TLS_RSA_Root_CA_2021.pem,Internal,PEM certificate in /etc/ssl/certs/HARICA_TLS_RSA_Root_CA_2021.pem,RSA,,,,sha256:d95d0e8eda79525bf9beb11b14d2100d3294985f0c62d9fabd9cd999eccb7b1d,high,No,Unvalidated (automated finding),,,Review,,,classification: quantum-vulnerable; risk: medium
FIND-00240,,,2026-08-12,directly observed,qSearch 1.0.0 (scan collector),source code and certificates,/etc/ssl/certs/6fa5da56.0,Internal,PEM certificate in /etc/ssl/certs/6fa5da56.0,RSA,,,,sha256:85666a562ee0be5ce925c1d8890a6f76a87ec16d4d7d5f29ea7419cf20123b69,high,No,Unvalidated (automated finding),,,Review,,,classification: quantum-vulnerable; risk: medium
FIND-00241,,,2026-08-12,directly observed,qSearch 1.0.0 (scan collector),source code and certificates,/etc/ssl/certs/064e0aa9.0,Internal,PEM certificate in /etc/ssl/certs/064e0aa9.0,RSA,,,,sha256:8fe4fb0af93a4d0d67db0bebb23e37c71bf325dcbcdd240ea04daf58b47e1840,high,No,Unvalidated (automated finding),,,Review,,,classification: quantum-vulnerable; risk: medium
FIND-00242,,,2026-08-12,directly observed,qSearch 1.0.0 (scan collector),source code and certificates,/etc/ssl/certs/CFCA_EV_ROOT.pem,Internal,PEM certificate in /etc/ssl/certs/CFCA_EV_ROOT.pem,RSA,,,,sha256:5cc3d78e4e1d5e45547a04e6873e64f90cf9536d1ccc2ef800f355c4c5fd70fd,high,No,Unvalidated (automated finding),,,Review,,,classification: quantum-vulnerable; risk: medium
FIND-00243,,,2026-08-12,directly observed,qSearch 1.0.0 (scan collector),source code and certificates,/etc/ssl/certs/9482e63a.0,Internal,PEM certificate in /etc/ssl/certs/9482e63a.0,EC (ECDSA/ECDH),,,,sha256:6b328085625318aa50d173c98d8bda09d57e27413d114cf787a0f5d06c030cf6,high,No,Unvalidated (automated finding),,,Review,,,classification: quantum-vulnerable; risk: medium
FIND-00244,,,2026-08-12,directly observed,qSearch 1.0.0 (scan collector),source code and certificates,/etc/ssl/certs/32888f65.0,Internal,PEM certificate in /etc/ssl/certs/32888f65.0,RSA,,,,sha256:a040929a02ce53b4acf4f2ffc6981ce4496f755e6d45fe0b2a692bcd52523f36,high,No,Unvalidated (automated finding),,,Review,,,classification: quantum-vulnerable; risk: medium
FIND-00245,,,2026-08-12,directly observed,qSearch 1.0.0 (scan collector),source code and certificates,/etc/ssl/certs/ecccd8db.0,Internal,PEM certificate in /etc/ssl/certs/ecccd8db.0,EC (ECDSA/ECDH),,,,sha256:3f99cc474acfce4dfed58794665e478d1547739f2e780f1bb4ca9b133097d401,high,No,Unvalidated (automated finding),,,Review,,,classification: quantum-vulnerable; risk: medium
FIND-00246,,,2026-08-12,directly observed,qSearch 1.0.0 (scan collector),source code and certificates,/etc/ssl/certs/certSIGN_Root_CA_G2.pem,Internal,PEM certificate in /etc/ssl/certs/certSIGN_Root_CA_G2.pem,RSA,,,,sha256:657cfe2fa73faa38462571f332a2363a46fce7020951710702cdfbb6eeda3305,high,No,Unvalidated (automated finding),,,Review,,,classification: quantum-vulnerable; risk: medium
FIND-00247,,,2026-08-12,directly observed,qSearch 1.0.0 (scan collector),source code and certificates,/etc/ssl/certs/SSL.com_Root_Certification_Authority_ECC.pem,Internal,PEM certificate in /etc/ssl/certs/SSL.com_Root_Certification_Authority_ECC.pem,EC (ECDSA/ECDH),,,,sha256:3417bb06cc6007da1b961c920b8ab4ce3fad820e4aa30b9acbc4a74ebdcebc65,high,No,Unvalidated (automated finding),,,Review,,,classification: quantum-vulnerable; risk: medium
FIND-00248,,,2026-08-12,directly observed,qSearch 1.0.0 (scan collector),source code and certificates,/etc/ssl/certs/4042bcee.0,Internal,PEM certificate in /etc/ssl/certs/4042bcee.0,RSA,,,,sha256:96bcec06264976f37460779acf28c5a7cfe8a3c0aae11a8ffcee05c0bddf08c6,high,No,Unvalidated (automated finding),,,Review,,,classification: quantum-vulnerable; risk: medium
FIND-00249,,,2026-08-12,directly observed,qSearch 1.0.0 (scan collector),source code and certificates,/etc/ssl/certs/Amazon_Root_CA_3.pem,Internal,PEM certificate in /etc/ssl/certs/Amazon_Root_CA_3.pem,EC (ECDSA/ECDH),,,,sha256:18ce6cfe7bf14e60b2e347b8dfe868cb31d02ebb3ada271569f50343b46db3a4,high,No,Unvalidated (automated finding),,,Review,,,classification: quantum-vulnerable; risk: medium
FIND-00250,,,2026-08-12,directly observed,qSearch 1.0.0 (scan collector),source code and certificates,/etc/ssl/certs/TrustAsia_TLS_RSA_Root_CA.pem,Internal,PEM certificate in /etc/ssl/certs/TrustAsia_TLS_RSA_Root_CA.pem,RSA,,,,sha256:06c08d7dafd876971eb1124fe67f847ec0c7a158d3ea53cbe940e2ea9791f4c3,high,No,Unvalidated (automated finding),,,Review,,,classification: quantum-vulnerable; risk: medium
FIND-00251,,,2026-08-12,directly observed,qSearch 1.0.0 (scan collector),source code and certificates,/etc/ssl/certs/749e9e03.0,Internal,PEM certificate in /etc/ssl/certs/749e9e03.0,RSA,,,,sha256:8a866fd1b276b57e578e921c65828a2bed58e9f2f288054134b7f1f4bfc9cc74,high,No,Unvalidated (automated finding),,,Review,,,classification: quantum-vulnerable; risk: medium
FIND-00252,,,2026-08-12,directly observed,qSearch 1.0.0 (scan collector),source code and certificates,/etc/ssl/certs/1cef98f5.0,Internal,PEM certificate in /etc/ssl/certs/1cef98f5.0,EC (ECDSA/ECDH),,,,sha256:be4b56cb5056c0136a526df444508daa36a0b54f42e4ac38f72af470e479654c,high,No,Unvalidated (automated finding),,,Review,,,classification: quantum-vulnerable; risk: medium
FIND-00253,,,2026-08-12,directly observed,qSearch 1.0.0 (scan collector),source code and certificates,/etc/ssl/certs/9846683b.0,Internal,PEM certificate in /etc/ssl/certs/9846683b.0,EC (ECDSA/ECDH),,,,sha256:018e13f0772532cf809bd1b17281867283fc48c6e13be9c69812854a490c1b05,high,No,Unvalidated (automated finding),,,Review,,,classification: quantum-vulnerable; risk: medium
FIND-00254,,,2026-08-12,directly observed,qSearch 1.0.0 (scan collector),source code and certificates,/etc/ssl/certs/30e1580d.0,Internal,PEM certificate in /etc/ssl/certs/30e1580d.0,RSA,,,,sha256:9ae36232a5189ffddb353dfd26520c015395d22777dac59db57b98c089a651e6,high,No,Unvalidated (automated finding),,,Review,,,classification: quantum-vulnerable; risk: medium
FIND-00255,,,2026-08-12,directly observed,qSearch 1.0.0 (scan collector),source code and certificates,/etc/ssl/certs/GDCA_TrustAUTH_R5_ROOT.pem,Internal,PEM certificate in /etc/ssl/certs/GDCA_TrustAUTH_R5_ROOT.pem,RSA,,,,sha256:bfff8fd04433487d6a8aa60c1a29767a9fc2bbb05e420f713a13b992891d3893,high,No,Unvalidated (automated finding),,,Review,,,classification: quantum-vulnerable; risk: medium
FIND-00256,,,2026-08-12,directly observed,qSearch 1.0.0 (scan collector),source code and certificates,/etc/ssl/certs/2923b3f9.0,Internal,PEM certificate in /etc/ssl/certs/2923b3f9.0,RSA,,,,sha256:40f6af0346a99aa1cd1d555a4e9cce62c7f9634603ee406615833dc8c8d00367,high,No,Unvalidated (automated finding),,,Review,,,classification: quantum-vulnerable; risk: medium
FIND-00257,,,2026-08-12,directly observed,qSearch 1.0.0 (scan collector),source code and certificates,/etc/ssl/certs/IdenTrust_Commercial_Root_CA_1.pem,Internal,PEM certificate in /etc/ssl/certs/IdenTrust_Commercial_Root_CA_1.pem,RSA,,,,sha256:5d56499be4d2e08bcfcad08a3e38723d50503bde706948e42f55603019e528ae,high,No,Unvalidated (automated finding),,,Review,,,classification: quantum-vulnerable; risk: medium
FIND-00258,,,2026-08-12,directly observed,qSearch 1.0.0 (scan collector),source code and certificates,/etc/ssl/certs/7f3d5d1d.0,Internal,PEM certificate in /etc/ssl/certs/7f3d5d1d.0,EC (ECDSA/ECDH),,,,sha256:7e37cb8b4c47090cab36551ba6f45db840680fba166a952db100717f43053fc2,high,No,Unvalidated (automated finding),,,Review,,,classification: quantum-vulnerable; risk: medium
FIND-00259,,,2026-08-12,directly observed,qSearch 1.0.0 (scan collector),source code and certificates,/etc/ssl/certs/TrustAsia_Global_Root_CA_G4.pem,Internal,PEM certificate in /etc/ssl/certs/TrustAsia_Global_Root_CA_G4.pem,EC (ECDSA/ECDH),,,,sha256:be4b56cb5056c0136a526df444508daa36a0b54f42e4ac38f72af470e479654c,high,No,Unvalidated (automated finding),,,Review,,,classification: quantum-vulnerable; risk: medium
FIND-00260,,,2026-08-12,directly observed,qSearch 1.0.0 (scan collector),source code and certificates,/etc/ssl/certs/fc5a8f99.0,Internal,PEM certificate in /etc/ssl/certs/fc5a8f99.0,RSA,,,,sha256:e793c9b02fd8aa13e21c31228accb08119643b749c898964b1746d46c3d4cbd2,high,No,Unvalidated (automated finding),,,Review,,,classification: quantum-vulnerable; risk: medium
FIND-00261,,,2026-08-12,directly observed,qSearch 1.0.0 (scan collector),source code and certificates,/etc/ssl/certs/emSign_Root_CA_-_C1.pem,Internal,PEM certificate in /etc/ssl/certs/emSign_Root_CA_-_C1.pem,RSA,,,,sha256:125609aa301da0a249b97a8239cb6a34216f44dcac9f3954b14292f2e8c8608f,high,No,Unvalidated (automated finding),,,Review,,,classification: quantum-vulnerable; risk: medium
FIND-00262,,,2026-08-12,directly observed,qSearch 1.0.0 (scan collector),source code and certificates,/etc/ssl/certs/06dc52d5.0,Internal,PEM certificate in /etc/ssl/certs/06dc52d5.0,RSA,,,,sha256:2e7bf16cc22485a7bbe2aa8696750761b0ae39be3b2fe9d0cc6d4ef73491425c,high,No,Unvalidated (automated finding),,,Review,,,classification: quantum-vulnerable; risk: medium
FIND-00263,,,2026-08-12,directly observed,qSearch 1.0.0 (scan collector),source code and certificates,/etc/ssl/certs/d6325660.0,Internal,PEM certificate in /etc/ssl/certs/d6325660.0,RSA,,,,sha256:52f0e1c4e58ec629291b60317f074671b85d7ea80d5b07273463534b32b40234,high,No,Unvalidated (automated finding),,,Review,,,classification: quantum-vulnerable; risk: medium
FIND-00264,,,2026-08-12,directly observed,qSearch 1.0.0 (scan collector),source code and certificates,/etc/ssl/certs/bf53fb88.0,Internal,PEM certificate in /etc/ssl/certs/bf53fb88.0,RSA,,,,sha256:c741f70f4b2a8d88bf2e71c14122ef53ef10eba0cfa5e64cfa20f418853073e0,high,No,Unvalidated (automated finding),,,Review,,,classification: quantum-vulnerable; risk: medium
FIND-00265,,,2026-08-12,directly observed,qSearch 1.0.0 (scan collector),source code and certificates,/etc/ssl/certs/eed8c118.0,Internal,PEM certificate in /etc/ssl/certs/eed8c118.0,EC (ECDSA/ECDH),,,,sha256:1793927a0614549789adce2f8f34f7f0b66d0f3ae3a3b84d21ec15dbba4fadc7,high,No,Unvalidated (automated finding),,,Review,,,classification: quantum-vulnerable; risk: medium
FIND-00266,,,2026-08-12,directly observed,qSearch 1.0.0 (scan collector),source code and certificates,/etc/ssl/certs/SSL.com_EV_Root_Certification_Authority_ECC.pem,Internal,PEM certificate in /etc/ssl/certs/SSL.com_EV_Root_Certification_Authority_ECC.pem,EC (ECDSA/ECDH),,,,sha256:22a2c1f7bded704cc1e701b5f408c310880fe956b5de2a4a44f99c873a25a7c8,high,No,Unvalidated (automated finding),,,Review,,,classification: quantum-vulnerable; risk: medium
FIND-00267,,,2026-08-12,directly observed,qSearch 1.0.0 (scan collector),source code and certificates,/etc/ssl/certs/BJCA_Global_Root_CA1.pem,Internal,PEM certificate in /etc/ssl/certs/BJCA_Global_Root_CA1.pem,RSA,,,,sha256:f3896f88fe7c0a882766a7fa6ad2749fb57a7f3e98fb769c1fa7b09c2c44d5ae,high,No,Unvalidated (automated finding),,,Review,,,classification: quantum-vulnerable; risk: medium
FIND-00268,,,2026-08-12,directly observed,qSearch 1.0.0 (scan collector),source code and certificates,/etc/ssl/certs/f51bb24c.0,Internal,PEM certificate in /etc/ssl/certs/f51bb24c.0,RSA,,,,sha256:d48d3d23eedb50a459e55197601c27774b9d7b18c94d5a059511a10250b93168,high,No,Unvalidated (automated finding),,,Review,,,classification: quantum-vulnerable; risk: medium
FIND-00269,,,2026-08-12,directly observed,qSearch 1.0.0 (scan collector),source code and certificates,/etc/ssl/certs/ef954a4e.0,Internal,PEM certificate in /etc/ssl/certs/ef954a4e.0,RSA,,,,sha256:5d56499be4d2e08bcfcad08a3e38723d50503bde706948e42f55603019e528ae,high,No,Unvalidated (automated finding),,,Review,,,classification: quantum-vulnerable; risk: medium
FIND-00270,,,2026-08-12,directly observed,qSearch 1.0.0 (scan collector),source code and certificates,/etc/ssl/certs/ePKI_Root_Certification_Authority.pem,Internal,PEM certificate in /etc/ssl/certs/ePKI_Root_Certification_Authority.pem,RSA,,,,sha256:c0a6f4dc63a24bfdcf54ef2a6a082a0a72de35803e2ff5ff527ae5d87206dfd5,high,No,Unvalidated (automated finding),,,Review,,,classification: quantum-vulnerable; risk: medium
FIND-00271,,,2026-08-12,directly observed,qSearch 1.0.0 (scan collector),source code and certificates,/etc/ssl/certs/D-TRUST_EV_Root_CA_1_2020.pem,Internal,PEM certificate in /etc/ssl/certs/D-TRUST_EV_Root_CA_1_2020.pem,EC (ECDSA/ECDH),,,,sha256:08170d1aa36453901a2f959245e347db0c8d37abaabc56b81aa100dc958970db,high,No,Unvalidated (automated finding),,,Review,,,classification: quantum-vulnerable; risk: medium
FIND-00272,,,2026-08-12,directly observed,qSearch 1.0.0 (scan collector),source code and certificates,/etc/ssl/certs/616816f6.0,Internal,PEM certificate in /etc/ssl/certs/616816f6.0,RSA,,,,sha256:3f034bb5704d44b2d08545a02057de93ebf3905fce721acbc730c06ddaee904e,high,No,Unvalidated (automated finding),,,Review,,,classification: quantum-vulnerable; risk: medium
FIND-00273,,,2026-08-12,directly observed,qSearch 1.0.0 (scan collector),source code and certificates,/etc/ssl/certs/0f5dc4f3.0,Internal,PEM certificate in /etc/ssl/certs/0f5dc4f3.0,RSA,,,,sha256:d43af9b35473755c9684fc06d7d8cb70ee5c28e773fb294eb41ee71722924d24,high,No,Unvalidated (automated finding),,,Review,,,classification: quantum-vulnerable; risk: medium
FIND-00274,,,2026-08-12,directly observed,qSearch 1.0.0 (scan collector),source code and certificates,/etc/ssl/certs/930ac5d2.0,Internal,PEM certificate in /etc/ssl/certs/930ac5d2.0,RSA,,,,sha256:55926084ec963a64b96e2abe01ce0ba86a64fbfebcc7aab5afc155b37fd76066,high,No,Unvalidated (automated finding),,,Review,,,classification: quantum-vulnerable; risk: medium
FIND-00275,,,2026-08-12,directly observed,qSearch 1.0.0 (scan collector),source code and certificates,/etc/ssl/certs/cbf06781.0,Internal,PEM certificate in /etc/ssl/certs/cbf06781.0,RSA,,,,sha256:45140b3247eb9cc8c5b4f0d7b53091f73292089e6e5a63e2749dd3aca9198eda,high,No,Unvalidated (automated finding),,,Review,,,classification: quantum-vulnerable; risk: medium
FIND-00276,,,2026-08-12,directly observed,qSearch 1.0.0 (scan collector),source code and certificates,/etc/ssl/certs/Certainly_Root_R1.pem,Internal,PEM certificate in /etc/ssl/certs/Certainly_Root_R1.pem,RSA,,,,sha256:77b82cd8644c4305f7acc5cb156b45675004033d51c60c6202a8e0c33467d3a0,high,No,Unvalidated (automated finding),,,Review,,,classification: quantum-vulnerable; risk: medium
FIND-00277,,,2026-08-12,directly observed,qSearch 1.0.0 (scan collector),source code and certificates,/etc/ssl/certs/CA_Disig_Root_R2.pem,Internal,PEM certificate in /etc/ssl/certs/CA_Disig_Root_R2.pem,RSA,,,,sha256:e23d4a036d7b70e9f595b1422079d2b91edfbb1fb651a0633eaa8a9dc5f80703,high,No,Unvalidated (automated finding),,,Review,,,classification: quantum-vulnerable; risk: medium
FIND-00278,,,2026-08-12,directly observed,qSearch 1.0.0 (scan collector),source code and certificates,/etc/ssl/certs/ISRG_Root_X1.pem,Internal,PEM certificate in /etc/ssl/certs/ISRG_Root_X1.pem,RSA,,,,sha256:96bcec06264976f37460779acf28c5a7cfe8a3c0aae11a8ffcee05c0bddf08c6,high,No,Unvalidated (automated finding),,,Review,,,classification: quantum-vulnerable; risk: medium
FIND-00279,,,2026-08-12,directly observed,qSearch 1.0.0 (scan collector),source code and certificates,/etc/ssl/certs/5860aaa6.0,Internal,PEM certificate in /etc/ssl/certs/5860aaa6.0,EC (ECDSA/ECDH),,,,sha256:e74fbda55bd564c473a36b441aa799c8a68e077440e8288b9fa1e50e4bbaca11,high,No,Unvalidated (automated finding),,,Review,,,classification: quantum-vulnerable; risk: medium
FIND-00280,,,2026-08-12,directly observed,qSearch 1.0.0 (scan collector),source code and certificates,/etc/ssl/certs/Atos_TrustedRoot_2011.pem,Internal,PEM certificate in /etc/ssl/certs/Atos_TrustedRoot_2011.pem,RSA,,,,sha256:f356bea244b7a91eb35d53ca9ad7864ace018e2d35d5f8f96ddf68a6f41aa474,high,No,Unvalidated (automated finding),,,Review,,,classification: quantum-vulnerable; risk: medium
FIND-00281,,,2026-08-12,directly observed,qSearch 1.0.0 (scan collector),source code and certificates,/etc/ssl/certs/GTS_Root_R1.pem,Internal,PEM certificate in /etc/ssl/certs/GTS_Root_R1.pem,RSA,,,,sha256:d947432abde7b7fa90fc2e6b59101b1280e0e1c7e4e40fa3c6887fff57a7f4cf,high,No,Unvalidated (automated finding),,,Review,,,classification: quantum-vulnerable; risk: medium
FIND-00282,,,2026-08-12,directly observed,qSearch 1.0.0 (scan collector),source code and certificates,/etc/ssl/certs/Security_Communication_RootCA2.pem,Internal,PEM certificate in /etc/ssl/certs/Security_Communication_RootCA2.pem,RSA,,,,sha256:513b2cecb810d4cde5dd85391adfc6c2dd60d87bb736d2b521484aa47a0ebef6,high,No,Unvalidated (automated finding),,,Review,,,classification: quantum-vulnerable; risk: medium
FIND-00283,,,2026-08-12,statically detected,qSearch 1.0.0 (scan collector),source code and certificates,/etc/ssl/certs/Security_Communication_RootCA2.pem,Internal,"pattern ""RC4"": dXN0IFN5c3RlbXMgQ08uLExURC4xJzAlBgNVBAsTHlNlY3VyaXR5IENvbW11bmlj",RC4,,,,/etc/ssl/certs/Security_Communication_RootCA2.pem:6,medium,No,Unvalidated (automated finding),,,Review,,,classification: quantum-vulnerable; risk: medium
FIND-00284,,,2026-08-12,directly observed,qSearch 1.0.0 (scan collector),source code and certificates,/etc/ssl/certs/OISTE_WISeKey_Global_Root_GC_CA.pem,Internal,PEM certificate in /etc/ssl/certs/OISTE_WISeKey_Global_Root_GC_CA.pem,EC (ECDSA/ECDH),,,,sha256:8560f91c3624daba9570b5fea0dbe36ff11a8323be9486854fb3f34a5571198d,high,No,Unvalidated (automated finding),,,Review,,,classification: quantum-vulnerable; risk: medium
FIND-00285,,,2026-08-12,directly observed,qSearch 1.0.0 (scan collector),source code and certificates,/etc/ssl/certs/4bfab552.0,Internal,PEM certificate in /etc/ssl/certs/4bfab552.0,RSA,,,,sha256:2ce1cb0bf9d2f9e102993fbe215152c3b2dd0cabde1c68e5319b839154dbb7f5,high,No,Unvalidated (automated finding),,,Review,,,classification: quantum-vulnerable; risk: medium
FIND-00286,,,2026-08-12,directly observed,qSearch 1.0.0 (scan collector),source code and certificates,/etc/ssl/certs/d4dae3dd.0,Internal,PEM certificate in /etc/ssl/certs/d4dae3dd.0,RSA,,,,sha256:eec5496b988ce98625b934092eec2908bed0b0f316c2d4730c84eaf1f3d34881,high,No,Unvalidated (automated finding),,,Review,,,classification: quantum-vulnerable; risk: medium
FIND-00287,,,2026-08-12,directly observed,qSearch 1.0.0 (scan collector),source code and certificates,/etc/ssl/certs/90c5a3c8.0,Internal,PEM certificate in /etc/ssl/certs/90c5a3c8.0,RSA,,,,sha256:f015ce3cc239bfef064be9f1d2c417e1a0264a0a94be1f0c8d121864eb6949cc,high,No,Unvalidated (automated finding),,,Review,,,classification: quantum-vulnerable; risk: medium
FIND-00288,,,2026-08-12,directly observed,qSearch 1.0.0 (scan collector),source code and certificates,/etc/ssl/certs/OISTE_Server_Root_RSA_G1.pem,Internal,PEM certificate in /etc/ssl/certs/OISTE_Server_Root_RSA_G1.pem,RSA,,,,sha256:9ae36232a5189ffddb353dfd26520c015395d22777dac59db57b98c089a651e6,high,No,Unvalidated (automated finding),,,Review,,,classification: quantum-vulnerable; risk: medium
FIND-00289,,,2026-08-12,directly observed,qSearch 1.0.0 (scan collector),source code and certificates,/etc/ssl/certs/T-TeleSec_GlobalRoot_Class_3.pem,Internal,PEM certificate in /etc/ssl/certs/T-TeleSec_GlobalRoot_Class_3.pem,RSA,,,,sha256:fd73dad31c644ff1b43bef0ccdda96710b9cd9875eca7e31707af3e96d522bbd,high,No,Unvalidated (automated finding),,,Review,,,classification: quantum-vulnerable; risk: medium
FIND-00290,,,2026-08-12,directly observed,qSearch 1.0.0 (scan collector),source code and certificates,/etc/ssl/certs/SecureSign_Root_CA15.pem,Internal,PEM certificate in /etc/ssl/certs/SecureSign_Root_CA15.pem,EC (ECDSA/ECDH),,,,sha256:e778f0f095fe843729cd1a0082179e5314a9c291442805e1fb1d8fb6b8886c3a,high,No,Unvalidated (automated finding),,,Review,,,classification: quantum-vulnerable; risk: medium
FIND-00291,,,2026-08-12,directly observed,qSearch 1.0.0 (scan collector),source code and certificates,/etc/ssl/certs/9ef4a08a.0,Internal,PEM certificate in /etc/ssl/certs/9ef4a08a.0,EC (ECDSA/ECDH),,,,sha256:e59aaa816009c22bff5b25bad37df306f049797c1f81d85ab089e657bd8f0044,high,No,Unvalidated (automated finding),,,Review,,,classification: quantum-vulnerable; risk: medium
FIND-00292,,,2026-08-12,directly observed,qSearch 1.0.0 (scan collector),source code and certificates,/etc/ssl/certs/Autoridad_de_Certificacion_Firmaprofesional_CIF_A62634068.pem,Internal,PEM certificate in /etc/ssl/certs/Autoridad_de_Certificacion_Firmaprofesional_CIF_A62634068.pem,RSA,,,,sha256:57de0583efd2b26e0361da99da9df4648def7ee8441c3b728afa9bcde0f9b26a,high,No,Unvalidated (automated finding),,,Review,,,classification: quantum-vulnerable; risk: medium
FIND-00293,,,2026-08-12,directly observed,qSearch 1.0.0 (scan collector),source code and certificates,/etc/ssl/certs/ca6e4ad9.0,Internal,PEM certificate in /etc/ssl/certs/ca6e4ad9.0,RSA,,,,sha256:c0a6f4dc63a24bfdcf54ef2a6a082a0a72de35803e2ff5ff527ae5d87206dfd5,high,No,Unvalidated (automated finding),,,Review,,,classification: quantum-vulnerable; risk: medium
FIND-00294,,,2026-08-12,directly observed,qSearch 1.0.0 (scan collector),source code and certificates,/etc/ssl/certs/Microsoft_ECC_Root_Certificate_Authority_2017.pem,Internal,PEM certificate in /etc/ssl/certs/Microsoft_ECC_Root_Certificate_Authority_2017.pem,EC (ECDSA/ECDH),,,,sha256:358df39d764af9e1b766e9c972df352ee15cfac227af6ad1d70e8e4a6edcba02,high,No,Unvalidated (automated finding),,,Review,,,classification: quantum-vulnerable; risk: medium
FIND-00295,,,2026-08-12,directly observed,qSearch 1.0.0 (scan collector),source code and certificates,/etc/ssl/certs/COMODO_RSA_Certification_Authority.pem,Internal,PEM certificate in /etc/ssl/certs/COMODO_RSA_Certification_Authority.pem,RSA,,,,sha256:52f0e1c4e58ec629291b60317f074671b85d7ea80d5b07273463534b32b40234,high,No,Unvalidated (automated finding),,,Review,,,classification: quantum-vulnerable; risk: medium
FIND-00296,,,2026-08-12,directly observed,qSearch 1.0.0 (scan collector),source code and certificates,/etc/ssl/certs/Amazon_Root_CA_1.pem,Internal,PEM certificate in /etc/ssl/certs/Amazon_Root_CA_1.pem,RSA,,,,sha256:8ecde6884f3d87b1125ba31ac3fcb13d7016de7f57cc904fe1cb97c6ae98196e,high,No,Unvalidated (automated finding),,,Review,,,classification: quantum-vulnerable; risk: medium
FIND-00297,,,2026-08-12,directly observed,qSearch 1.0.0 (scan collector),source code and certificates,/etc/ssl/certs/6d41d539.0,Internal,PEM certificate in /etc/ssl/certs/6d41d539.0,RSA,,,,sha256:1ba5b2aa8c65401a82960118f80bec4f62304d83cec4713a19c39c011ea46db4,high,No,Unvalidated (automated finding),,,Review,,,classification: quantum-vulnerable; risk: medium
FIND-00298,,,2026-08-12,directly observed,qSearch 1.0.0 (scan collector),source code and certificates,/etc/ssl/certs/AC_RAIZ_FNMT-RCM.pem,Internal,PEM certificate in /etc/ssl/certs/AC_RAIZ_FNMT-RCM.pem,RSA,,,,sha256:ebc5570c29018c4d67b1aa127baf12f703b4611ebc17b7dab5573894179b93fa,high,No,Unvalidated (automated finding),,,Review,,,classification: quantum-vulnerable; risk: medium
FIND-00299,,,2026-08-12,directly observed,qSearch 1.0.0 (scan collector),source code and certificates,/etc/ssl/certs/de6d66f3.0,Internal,PEM certificate in /etc/ssl/certs/de6d66f3.0,EC (ECDSA/ECDH),,,,sha256:e35d28419ed02025cfa69038cd623962458da5c695fbdea3c22b0bfb25897092,high,No,Unvalidated (automated finding),,,Review,,,classification: quantum-vulnerable; risk: medium
FIND-00300,,,2026-08-12,directly observed,qSearch 1.0.0 (scan collector),source code and certificates,/etc/ssl/certs/6a9bdba3.0,Internal,PEM certificate in /etc/ssl/certs/6a9bdba3.0,EC (ECDSA/ECDH),,,,sha256:e778f0f095fe843729cd1a0082179e5314a9c291442805e1fb1d8fb6b8886c3a,high,No,Unvalidated (automated finding),,,Review,,,classification: quantum-vulnerable; risk: medium
FIND-00301,,,2026-08-12,directly observed,qSearch 1.0.0 (scan collector),source code and certificates,/etc/ssl/certs/Microsoft_RSA_Root_Certificate_Authority_2017.pem,Internal,PEM certificate in /etc/ssl/certs/Microsoft_RSA_Root_Certificate_Authority_2017.pem,RSA,,,,sha256:c741f70f4b2a8d88bf2e71c14122ef53ef10eba0cfa5e64cfa20f418853073e0,high,No,Unvalidated (automated finding),,,Review,,,classification: quantum-vulnerable; risk: medium
FIND-00302,,,2026-08-12,directly observed,qSearch 1.0.0 (scan collector),source code and certificates,/etc/ssl/certs/TrustAsia_Global_Root_CA_G3.pem,Internal,PEM certificate in /etc/ssl/certs/TrustAsia_Global_Root_CA_G3.pem,RSA,,,,sha256:e0d3226aeb1163c2e48ff9be3b50b4c6431be7bb1eacc5c36b5d5ec509039a08,high,No,Unvalidated (automated finding),,,Review,,,classification: quantum-vulnerable; risk: medium
FIND-00303,,,2026-08-12,directly observed,qSearch 1.0.0 (scan collector),source code and certificates,/etc/ssl/certs/fd64f3fc.0,Internal,PEM certificate in /etc/ssl/certs/fd64f3fc.0,RSA,,,,sha256:2e44102ab58cb85419451c8e19d9acf3662cafbc614b6a53960a30f7d0e2eb41,high,No,Unvalidated (automated finding),,,Review,,,classification: quantum-vulnerable; risk: medium
FIND-00304,,,2026-08-12,directly observed,qSearch 1.0.0 (scan collector),source code and certificates,/etc/ssl/certs/TWCA_Global_Root_CA.pem,Internal,PEM certificate in /etc/ssl/certs/TWCA_Global_Root_CA.pem,RSA,,,,sha256:59769007f7685d0fcd50872f9f95d5755a5b2b457d81f3692b610a98672f0e1b,high,No,Unvalidated (automated finding),,,Review,,,classification: quantum-vulnerable; risk: medium
FIND-00305,,,2026-08-12,directly observed,qSearch 1.0.0 (scan collector),source code and certificates,/etc/ssl/certs/0179095f.0,Internal,PEM certificate in /etc/ssl/certs/0179095f.0,RSA,,,,sha256:f3896f88fe7c0a882766a7fa6ad2749fb57a7f3e98fb769c1fa7b09c2c44d5ae,high,No,Unvalidated (automated finding),,,Review,,,classification: quantum-vulnerable; risk: medium
FIND-00306,,,2026-08-12,directly observed,qSearch 1.0.0 (scan collector),source code and certificates,/etc/ssl/certs/6805c744.0,Internal,PEM certificate in /etc/ssl/certs/6805c744.0,EC (ECDSA/ECDH),,,,sha256:eec997c0c30f216f7e3b8b307d2bae42412d753fc8219dafd1520b2572850f49,high,No,Unvalidated (automated finding),,,Review,,,classification: quantum-vulnerable; risk: medium
FIND-00307,,,2026-08-12,directly observed,qSearch 1.0.0 (scan collector),source code and certificates,/etc/ssl/certs/5f15c80c.0,Internal,PEM certificate in /etc/ssl/certs/5f15c80c.0,RSA,,,,sha256:59769007f7685d0fcd50872f9f95d5755a5b2b457d81f3692b610a98672f0e1b,high,No,Unvalidated (automated finding),,,Review,,,classification: quantum-vulnerable; risk: medium
FIND-00308,,,2026-08-12,directly observed,qSearch 1.0.0 (scan collector),source code and certificates,/etc/ssl/certs/9b46e03d.0,Internal,PEM certificate in /etc/ssl/certs/9b46e03d.0,RSA,,,,sha256:81a9088ea59fb364c548a6f85559099b6f0405efbf18e5324ec9f457ba00112f,high,No,Unvalidated (automated finding),,,Review,,,classification: quantum-vulnerable; risk: medium
FIND-00309,,,2026-08-12,directly observed,qSearch 1.0.0 (scan collector),source code and certificates,/etc/ssl/certs/Starfield_Root_Certificate_Authority_-_G2.pem,Internal,PEM certificate in /etc/ssl/certs/Starfield_Root_Certificate_Authority_-_G2.pem,RSA,,,,sha256:2ce1cb0bf9d2f9e102993fbe215152c3b2dd0cabde1c68e5319b839154dbb7f5,high,No,Unvalidated (automated finding),,,Review,,,classification: quantum-vulnerable; risk: medium
FIND-00310,,,2026-08-12,directly observed,qSearch 1.0.0 (scan collector),source code and certificates,/etc/ssl/certs/5931b5bc.0,Internal,PEM certificate in /etc/ssl/certs/5931b5bc.0,EC (ECDSA/ECDH),,,,sha256:08170d1aa36453901a2f959245e347db0c8d37abaabc56b81aa100dc958970db,high,No,Unvalidated (automated finding),,,Review,,,classification: quantum-vulnerable; risk: medium
FIND-00311,,,2026-08-12,directly observed,qSearch 1.0.0 (scan collector),source code and certificates,/etc/ssl/certs/9d04f354.0,Internal,PEM certificate in /etc/ssl/certs/9d04f354.0,RSA,,,,sha256:7d05ebb682339f8c9451ee094eebfefa7953a114edb2f44949452fab7d2fc185,high,No,Unvalidated (automated finding),,,Review,,,classification: quantum-vulnerable; risk: medium
FIND-00312,,,2026-08-12,directly observed,qSearch 1.0.0 (scan collector),source code and certificates,/etc/ssl/certs/e-Szigno_Root_CA_2017.pem,Internal,PEM certificate in /etc/ssl/certs/e-Szigno_Root_CA_2017.pem,EC (ECDSA/ECDH),,,,sha256:beb00b30839b9bc32c32e4447905950641f26421b15ed089198b518ae2ea1b99,high,No,Unvalidated (automated finding),,,Review,,,classification: quantum-vulnerable; risk: medium
FIND-00313,,,2026-08-12,directly observed,qSearch 1.0.0 (scan collector),source code and certificates,/etc/ssl/certs/773e07ad.0,Internal,PEM certificate in /etc/ssl/certs/773e07ad.0,EC (ECDSA/ECDH),,,,sha256:8560f91c3624daba9570b5fea0dbe36ff11a8323be9486854fb3f34a5571198d,high,No,Unvalidated (automated finding),,,Review,,,classification: quantum-vulnerable; risk: medium
FIND-00314,,,2026-08-12,directly observed,qSearch 1.0.0 (scan collector),source code and certificates,/etc/ssl/certs/SwissSign_RSA_TLS_Root_CA_2022_-_1.pem,Internal,PEM certificate in /etc/ssl/certs/SwissSign_RSA_TLS_Root_CA_2022_-_1.pem,RSA,,,,sha256:193144f431e0fddb740717d4de926a571133884b4360d30e272913cbe660ce41,high,No,Unvalidated (automated finding),,,Review,,,classification: quantum-vulnerable; risk: medium
FIND-00315,,,2026-08-12,directly observed,qSearch 1.0.0 (scan collector),source code and certificates,/etc/ssl/certs/406c9bb1.0,Internal,PEM certificate in /etc/ssl/certs/406c9bb1.0,RSA,,,,sha256:125609aa301da0a249b97a8239cb6a34216f44dcac9f3954b14292f2e8c8608f,high,No,Unvalidated (automated finding),,,Review,,,classification: quantum-vulnerable; risk: medium
FIND-00316,,,2026-08-12,directly observed,qSearch 1.0.0 (scan collector),source code and certificates,/etc/ssl/certs/1001acf7.0,Internal,PEM certificate in /etc/ssl/certs/1001acf7.0,RSA,,,,sha256:d947432abde7b7fa90fc2e6b59101b1280e0e1c7e4e40fa3c6887fff57a7f4cf,high,No,Unvalidated (automated finding),,,Review,,,classification: quantum-vulnerable; risk: medium
FIND-00317,,,2026-08-12,directly observed,qSearch 1.0.0 (scan collector),source code and certificates,/etc/ssl/certs/QuoVadis_Root_CA_1_G3.pem,Internal,PEM certificate in /etc/ssl/certs/QuoVadis_Root_CA_1_G3.pem,RSA,,,,sha256:8a866fd1b276b57e578e921c65828a2bed58e9f2f288054134b7f1f4bfc9cc74,high,No,Unvalidated (automated finding),,,Review,,,classification: quantum-vulnerable; risk: medium
FIND-00318,,,2026-08-12,directly observed,qSearch 1.0.0 (scan collector),source code and certificates,/etc/ssl/certs/OISTE_WISeKey_Global_Root_GB_CA.pem,Internal,PEM certificate in /etc/ssl/certs/OISTE_WISeKey_Global_Root_GB_CA.pem,RSA,,,,sha256:6b9c08e86eb0f767cfad65cd98b62149e5494a67f5845e7bd1ed019f27b86bd6,high,No,Unvalidated (automated finding),,,Review,,,classification: quantum-vulnerable; risk: medium
FIND-00319,,,2026-08-12,directly observed,qSearch 1.0.0 (scan collector),source code and certificates,/etc/ssl/certs/DigiCert_Trusted_Root_G4.pem,Internal,PEM certificate in /etc/ssl/certs/DigiCert_Trusted_Root_G4.pem,RSA,,,,sha256:552f7bdcf1a7af9e6ce672017f4f12abf77240c78e761ac203d1d9d20ac89988,high,No,Unvalidated (automated finding),,,Review,,,classification: quantum-vulnerable; risk: medium
FIND-00320,,,2026-08-12,directly observed,qSearch 1.0.0 (scan collector),source code and certificates,/etc/ssl/certs/emSign_ECC_Root_CA_-_G3.pem,Internal,PEM certificate in /etc/ssl/certs/emSign_ECC_Root_CA_-_G3.pem,EC (ECDSA/ECDH),,,,sha256:86a1ecba089c4a8d3bbe2734c612ba341d813e043cf9e8a862cd5c57a36bbe6b,high,No,Unvalidated (automated finding),,,Review,,,classification: quantum-vulnerable; risk: medium
FIND-00321,,,2026-08-12,directly observed,qSearch 1.0.0 (scan collector),source code and certificates,/etc/ssl/certs/D-TRUST_BR_Root_CA_2_2023.pem,Internal,PEM certificate in /etc/ssl/certs/D-TRUST_BR_Root_CA_2_2023.pem,RSA,,,,sha256:0552e6f83fdf65e8fa9670e666df28a4e21340b510cbe52566f97c4fb94b2bd1,high,No,Unvalidated (automated finding),,,Review,,,classification: quantum-vulnerable; risk: medium
FIND-00322,,,2026-08-12,directly observed,qSearch 1.0.0 (scan collector),source code and certificates,/etc/ssl/certs/T-TeleSec_GlobalRoot_Class_2.pem,Internal,PEM certificate in /etc/ssl/certs/T-TeleSec_GlobalRoot_Class_2.pem,RSA,,,,sha256:91e2f5788d5810eba7ba58737de1548a8ecacd014598bc0b143e041b17052552,high,No,Unvalidated (automated finding),,,Review,,,classification: quantum-vulnerable; risk: medium
FIND-00323,,,2026-08-12,directly observed,qSearch 1.0.0 (scan collector),source code and certificates,/etc/ssl/certs/QuoVadis_Root_CA_3_G3.pem,Internal,PEM certificate in /etc/ssl/certs/QuoVadis_Root_CA_3_G3.pem,RSA,,,,sha256:88ef81de202eb018452e43f864725cea5fbd1fc2d9d205730709c5d8b8690f46,high,No,Unvalidated (automated finding),,,Review,,,classification: quantum-vulnerable; risk: medium
FIND-00324,,,2026-08-12,directly observed,qSearch 1.0.0 (scan collector),source code and certificates,/etc/ssl/certs/e-Szigno_TLS_Root_CA_2023.pem,Internal,PEM certificate in /etc/ssl/certs/e-Szigno_TLS_Root_CA_2023.pem,EC (ECDSA/ECDH),,,,sha256:b49141502d00663d740f2e7ec340c52800962666121a36d09cf7dd2b90384fb4,high,No,Unvalidated (automated finding),,,Review,,,classification: quantum-vulnerable; risk: medium
FIND-00325,,,2026-08-12,directly observed,qSearch 1.0.0 (scan collector),source code and certificates,/etc/ssl/certs/DigiCert_Global_Root_G3.pem,Internal,PEM certificate in /etc/ssl/certs/DigiCert_Global_Root_G3.pem,EC (ECDSA/ECDH),,,,sha256:31ad6648f8104138c738f39ea4320133393e3a18cc02296ef97c2ac9ef6731d0,high,No,Unvalidated (automated finding),,,Review,,,classification: quantum-vulnerable; risk: medium
FIND-00326,,,2026-08-12,directly observed,qSearch 1.0.0 (scan collector),source code and certificates,/etc/ssl/certs/GlobalSign_Root_R46.pem,Internal,PEM certificate in /etc/ssl/certs/GlobalSign_Root_R46.pem,RSA,,,,sha256:4fa3126d8d3a11d1c4855a4f807cbad6cf919d3a5a88b03bea2c6372d93c40c9,high,No,Unvalidated (automated finding),,,Review,,,classification: quantum-vulnerable; risk: medium
FIND-00327,,,2026-08-12,directly observed,qSearch 1.0.0 (scan collector),source code and certificates,/etc/ssl/certs/ed858448.0,Internal,PEM certificate in /etc/ssl/certs/ed858448.0,EC (ECDSA/ECDH),,,,sha256:30fbba2c32238e2a98547af97931e550428b9b3f1c8eeb6633dcfa86c5b27dd3,high,No,Unvalidated (automated finding),,,Review,,,classification: quantum-vulnerable; risk: medium
FIND-00328,,,2026-08-12,directly observed,qSearch 1.0.0 (scan collector),source code and certificates,/etc/ssl/certs/40193066.0,Internal,PEM certificate in /etc/ssl/certs/40193066.0,RSA,,,,sha256:b676f2eddae8775cd36cb0f63cd1d4603961f49e6265ba013a2f0307b6d0b804,high,No,Unvalidated (automated finding),,,Review,,,classification: quantum-vulnerable; risk: medium
FIND-00329,,,2026-08-12,directly observed,qSearch 1.0.0 (scan collector),source code and certificates,/etc/ssl/certs/2ccbdda3.0,Internal,PEM certificate in /etc/ssl/certs/2ccbdda3.0,EC (ECDSA/ECDH),,,,sha256:c0076b9ef0531fb1a656d67c4ebe97cd5dbaa41ef44598acc2489878c92d8711,high,No,Unvalidated (automated finding),,,Review,,,classification: quantum-vulnerable; risk: medium
FIND-00330,,,2026-08-12,directly observed,qSearch 1.0.0 (scan collector),source code and certificates,/etc/ssl/certs/UCA_Global_G2_Root.pem,Internal,PEM certificate in /etc/ssl/certs/UCA_Global_G2_Root.pem,RSA,,,,sha256:9bea11c976fe014764c1be56a6f914b5a560317abd9988393382e5161aa0493c,high,No,Unvalidated (automated finding),,,Review,,,classification: quantum-vulnerable; risk: medium
FIND-00331,,,2026-08-12,directly observed,qSearch 1.0.0 (scan collector),source code and certificates,/etc/ssl/certs/D-TRUST_EV_Root_CA_2_2023.pem,Internal,PEM certificate in /etc/ssl/certs/D-TRUST_EV_Root_CA_2_2023.pem,RSA,,,,sha256:8e8221b2e7d4007836a1672f0dcc299c33bc07d316f132fa1a206d587150f1ce,high,No,Unvalidated (automated finding),,,Review,,,classification: quantum-vulnerable; risk: medium
FIND-00332,,,2026-08-12,directly observed,qSearch 1.0.0 (scan collector),source code and certificates,/etc/ssl/certs/UCA_Extended_Validation_Root.pem,Internal,PEM certificate in /etc/ssl/certs/UCA_Extended_Validation_Root.pem,RSA,,,,sha256:d43af9b35473755c9684fc06d7d8cb70ee5c28e773fb294eb41ee71722924d24,high,No,Unvalidated (automated finding),,,Review,,,classification: quantum-vulnerable; risk: medium
FIND-00333,,,2026-08-12,statically detected,qSearch 1.0.0 (scan collector),source code and certificates,/etc/ssl/certs/UCA_Extended_Validation_Root.pem,Internal,"pattern ""RC4"": VBcZEhrxH9cMaVr2cXj0lH2RC47skFSOvG+hTKv8dGT9cZr4QQehzZHkPJrgmzI5",RC4,,,,/etc/ssl/certs/UCA_Extended_Validation_Root.pem:22,medium,No,Unvalidated (automated finding),,,Review,,,classification: quantum-vulnerable; risk: medium
FIND-00334,,,2026-08-12,directly observed,qSearch 1.0.0 (scan collector),source code and certificates,/etc/ssl/certs/Go_Daddy_Root_Certificate_Authority_-_G2.pem,Internal,PEM certificate in /etc/ssl/certs/Go_Daddy_Root_Certificate_Authority_-_G2.pem,RSA,,,,sha256:45140b3247eb9cc8c5b4f0d7b53091f73292089e6e5a63e2749dd3aca9198eda,high,No,Unvalidated (automated finding),,,Review,,,classification: quantum-vulnerable; risk: medium
FIND-00335,,,2026-08-12,directly observed,qSearch 1.0.0 (scan collector),source code and certificates,/etc/ssl/certs/3bde41ac.0,Internal,PEM certificate in /etc/ssl/certs/3bde41ac.0,RSA,,,,sha256:57de0583efd2b26e0361da99da9df4648def7ee8441c3b728afa9bcde0f9b26a,high,No,Unvalidated (automated finding),,,Review,,,classification: quantum-vulnerable; risk: medium
FIND-00336,,,2026-08-12,directly observed,qSearch 1.0.0 (scan collector),source code and certificates,/etc/ssl/certs/TWCA_CYBER_Root_CA.pem,Internal,PEM certificate in /etc/ssl/certs/TWCA_CYBER_Root_CA.pem,RSA,,,,sha256:3f63bb2814be174ec8b6439cf08d6d56f0b7c405883a5648a334424d6b3ec558,high,No,Unvalidated (automated finding),,,Review,,,classification: quantum-vulnerable; risk: medium
FIND-00337,,,2026-08-12,directly observed,qSearch 1.0.0 (scan collector),source code and certificates,/etc/ssl/certs/TUBITAK_Kamu_SM_SSL_Kok_Sertifikasi_-_Surum_1.pem,Internal,PEM certificate in /etc/ssl/certs/TUBITAK_Kamu_SM_SSL_Kok_Sertifikasi_-_Surum_1.pem,RSA,,,,sha256:46edc3689046d53a453fb3104ab80dcaec658b2660ea1629dd7e867990648716,high,No,Unvalidated (automated finding),,,Review,,,classification: quantum-vulnerable; risk: medium
FIND-00338,,,2026-08-12,directly observed,qSearch 1.0.0 (scan collector),source code and certificates,/etc/ssl/certs/DigiCert_TLS_ECC_P384_Root_G5.pem,Internal,PEM certificate in /etc/ssl/certs/DigiCert_TLS_ECC_P384_Root_G5.pem,EC (ECDSA/ECDH),,,,sha256:018e13f0772532cf809bd1b17281867283fc48c6e13be9c69812854a490c1b05,high,No,Unvalidated (automated finding),,,Review,,,classification: quantum-vulnerable; risk: medium
FIND-00339,,,2026-08-12,directly observed,qSearch 1.0.0 (scan collector),source code and certificates,/etc/ssl/certs/865fbdf9.0,Internal,PEM certificate in /etc/ssl/certs/865fbdf9.0,EC (ECDSA/ECDH),,,,sha256:c32ffd9f46f936d16c3673990959434b9ad60aafbb9e7cf33654f144cc1ba143,high,No,Unvalidated (automated finding),,,Review,,,classification: quantum-vulnerable; risk: medium
FIND-00340,,,2026-08-12,directly observed,qSearch 1.0.0 (scan collector),source code and certificates,/etc/ssl/certs/a94d09e5.0,Internal,PEM certificate in /etc/ssl/certs/a94d09e5.0,RSA,,,,sha256:9a6ec012e1a7da9dbe34194d478ad7c0db1822fb071df12981496ed104384113,high,No,Unvalidated (automated finding),,,Review,,,classification: quantum-vulnerable; risk: medium
FIND-00341,,,2026-08-12,directly observed,qSearch 1.0.0 (scan collector),source code and certificates,/etc/ssl/certs/cc450945.0,Internal,PEM certificate in /etc/ssl/certs/cc450945.0,RSA,,,,sha256:2530cc8e98321502bad96f9b1fba1b099e2d299e0f4548bb914f363bc0d4531f,high,No,Unvalidated (automated finding),,,Review,,,classification: quantum-vulnerable; risk: medium
FIND-00342,,,2026-08-12,directly observed,qSearch 1.0.0 (scan collector),source code and certificates,/etc/ssl/certs/7a3adc42.0,Internal,PEM certificate in /etc/ssl/certs/7a3adc42.0,RSA,,,,sha256:8a71de6559336f426c26e53880d00d88a18da4c6a91f0dcb6194e206c5c96387,high,No,Unvalidated (automated finding),,,Review,,,classification: quantum-vulnerable; risk: medium
FIND-00343,,,2026-08-12,directly observed,qSearch 1.0.0 (scan collector),source code and certificates,/etc/ssl/certs/ddcda989.0,Internal,PEM certificate in /etc/ssl/certs/ddcda989.0,EC (ECDSA/ECDH),,,,sha256:578af4ded0853f4e5998db4aeaf9cbea8d945f60b620a38d1a3c13b2bc7ba8e1,high,No,Unvalidated (automated finding),,,Review,,,classification: quantum-vulnerable; risk: medium
FIND-00344,,,2026-08-12,directly observed,qSearch 1.0.0 (scan collector),source code and certificates,/etc/ssl/certs/SSL.com_TLS_RSA_Root_CA_2022.pem,Internal,PEM certificate in /etc/ssl/certs/SSL.com_TLS_RSA_Root_CA_2022.pem,RSA,,,,sha256:8faf7d2e2cb4709bb8e0b33666bf75a5dd45b5de480f8ea8d4bfe6bebc17f2ed,high,No,Unvalidated (automated finding),,,Review,,,classification: quantum-vulnerable; risk: medium
FIND-00345,,,2026-08-12,directly observed,qSearch 1.0.0 (scan collector),source code and certificates,/etc/ssl/certs/062cdee6.0,Internal,PEM certificate in /etc/ssl/certs/062cdee6.0,RSA,,,,sha256:cbb522d7b7f127ad6a0113865bdf1cd4102e7d0759af635a7cf4720dc963c53b,high,No,Unvalidated (automated finding),,,Review,,,classification: quantum-vulnerable; risk: medium
FIND-00346,,,2026-08-12,directly observed,qSearch 1.0.0 (scan collector),source code and certificates,/etc/ssl/certs/Entrust_Root_Certification_Authority.pem,Internal,PEM certificate in /etc/ssl/certs/Entrust_Root_Certification_Authority.pem,RSA,,,,sha256:73c176434f1bc6d5adf45b0e76e727287c8de57616c1e6e6141a2b2cbc7d8e4c,high,No,Unvalidated (automated finding),,,Review,,,classification: quantum-vulnerable; risk: medium
FIND-00347,,,2026-08-12,directly observed,qSearch 1.0.0 (scan collector),source code and certificates,/etc/ssl/certs/Buypass_Class_2_Root_CA.pem,Internal,PEM certificate in /etc/ssl/certs/Buypass_Class_2_Root_CA.pem,RSA,,,,sha256:9a114025197c5bb95d94e63d55cd43790847b646b23cdf11ada4a00eff15fb48,high,No,Unvalidated (automated finding),,,Review,,,classification: quantum-vulnerable; risk: medium
FIND-00348,,,2026-08-12,directly observed,qSearch 1.0.0 (scan collector),source code and certificates,/etc/ssl/certs/fb717492.0,Internal,PEM certificate in /etc/ssl/certs/fb717492.0,EC (ECDSA/ECDH),,,,sha256:b2fae53e14ccd7ab9212064701ae279c1d8988facb775fa8a008914e663988a8,high,No,Unvalidated (automated finding),,,Review,,,classification: quantum-vulnerable; risk: medium
FIND-00349,,,2026-08-12,directly observed,qSearch 1.0.0 (scan collector),source code and certificates,/etc/ssl/certs/8cb5ee0f.0,Internal,PEM certificate in /etc/ssl/certs/8cb5ee0f.0,EC (ECDSA/ECDH),,,,sha256:18ce6cfe7bf14e60b2e347b8dfe868cb31d02ebb3ada271569f50343b46db3a4,high,No,Unvalidated (automated finding),,,Review,,,classification: quantum-vulnerable; risk: medium
FIND-00350,,,2026-08-12,directly observed,qSearch 1.0.0 (scan collector),source code and certificates,/etc/ssl/certs/3e359ba6.0,Internal,PEM certificate in /etc/ssl/certs/3e359ba6.0,EC (ECDSA/ECDH),,,,sha256:574df6931e278039667b720afdc1600fc27eb66dd3092979fb73856487212882,high,No,Unvalidated (automated finding),,,Review,,,classification: quantum-vulnerable; risk: medium
FIND-00351,,,2026-08-12,directly observed,qSearch 1.0.0 (scan collector),source code and certificates,/etc/ssl/certs/b7a5b843.0,Internal,PEM certificate in /etc/ssl/certs/b7a5b843.0,RSA,,,,sha256:bfd88fe1101c41ae3e801bf8be56350ee9bad1a6b9bd515edc5c6d5b8711ac44,high,No,Unvalidated (automated finding),,,Review,,,classification: quantum-vulnerable; risk: medium
FIND-00352,,,2026-08-12,directly observed,qSearch 1.0.0 (scan collector),source code and certificates,/etc/ssl/certs/a3418fda.0,Internal,PEM certificate in /etc/ssl/certs/a3418fda.0,EC (ECDSA/ECDH),,,,sha256:349dfa4058c5e263123b398ae795573c4e1313c83fe68f93556cd5e8031b3c7d,high,No,Unvalidated (automated finding),,,Review,,,classification: quantum-vulnerable; risk: medium
FIND-00353,,,2026-08-12,directly observed,qSearch 1.0.0 (scan collector),source code and certificates,/etc/ssl/certs/f44703f1.0,Internal,PEM certificate in /etc/ssl/certs/f44703f1.0,EC (ECDSA/ECDH),,,,sha256:b49141502d00663d740f2e7ec340c52800962666121a36d09cf7dd2b90384fb4,high,No,Unvalidated (automated finding),,,Review,,,classification: quantum-vulnerable; risk: medium
FIND-00354,,,2026-08-12,directly observed,qSearch 1.0.0 (scan collector),source code and certificates,/etc/ssl/certs/8e215650.0,Internal,PEM certificate in /etc/ssl/certs/8e215650.0,RSA,,,,sha256:cdd76bbcf2a9d720ad770c62b408c8ec9b6ddb1622d88de7f4e29dbe7c0b34fe,high,No,Unvalidated (automated finding),,,Review,,,classification: quantum-vulnerable; risk: medium
FIND-00355,,,2026-08-12,directly observed,qSearch 1.0.0 (scan collector),source code and certificates,/etc/ssl/certs/GlobalSign_ECC_Root_CA_-_R4.pem,Internal,PEM certificate in /etc/ssl/certs/GlobalSign_ECC_Root_CA_-_R4.pem,EC (ECDSA/ECDH),,,,sha256:b085d70b964f191a73e4af0d54ae7a0e07aafdaf9b71dd0862138ab7325a24a2,high,No,Unvalidated (automated finding),,,Review,,,classification: quantum-vulnerable; risk: medium
FIND-00356,,,2026-08-12,directly observed,qSearch 1.0.0 (scan collector),source code and certificates,/etc/ssl/certs/SecureSign_Root_CA12.pem,Internal,PEM certificate in /etc/ssl/certs/SecureSign_Root_CA12.pem,RSA,,,,sha256:3f034bb5704d44b2d08545a02057de93ebf3905fce721acbc730c06ddaee904e,high,No,Unvalidated (automated finding),,,Review,,,classification: quantum-vulnerable; risk: medium
FIND-00357,,,2026-08-12,directly observed,qSearch 1.0.0 (scan collector),source code and certificates,/etc/ssl/certs/8508e720.0,Internal,PEM certificate in /etc/ssl/certs/8508e720.0,EC (ECDSA/ECDH),,,,sha256:b4585f22e4ac756a4e8612a1361c5d9d031a93fd84febb778fa3068b0fc42dc2,high,No,Unvalidated (automated finding),,,Review,,,classification: quantum-vulnerable; risk: medium
FIND-00358,,,2026-08-12,directly observed,qSearch 1.0.0 (scan collector),source code and certificates,/etc/ssl/certs/OISTE_Server_Root_ECC_G1.pem,Internal,PEM certificate in /etc/ssl/certs/OISTE_Server_Root_ECC_G1.pem,EC (ECDSA/ECDH),,,,sha256:eec997c0c30f216f7e3b8b307d2bae42412d753fc8219dafd1520b2572850f49,high,No,Unvalidated (automated finding),,,Review,,,classification: quantum-vulnerable; risk: medium
FIND-00359,,,2026-08-12,directly observed,qSearch 1.0.0 (scan collector),source code and certificates,/etc/ssl/certs/5f618aec.0,Internal,PEM certificate in /etc/ssl/certs/5f618aec.0,RSA,,,,sha256:657cfe2fa73faa38462571f332a2363a46fce7020951710702cdfbb6eeda3305,high,No,Unvalidated (automated finding),,,Review,,,classification: quantum-vulnerable; risk: medium
FIND-00360,,,2026-08-12,directly observed,qSearch 1.0.0 (scan collector),source code and certificates,/etc/ssl/certs/Sectigo_Public_Server_Authentication_Root_E46.pem,Internal,PEM certificate in /etc/ssl/certs/Sectigo_Public_Server_Authentication_Root_E46.pem,EC (ECDSA/ECDH),,,,sha256:c90f26f0fb1b4018b22227519b5ca2b53e2ca5b3be5cf18efe1bef47380c5383,high,No,Unvalidated (automated finding),,,Review,,,classification: quantum-vulnerable; risk: medium
FIND-00361,,,2026-08-12,directly observed,qSearch 1.0.0 (scan collector),source code and certificates,/etc/ssl/certs/Starfield_Services_Root_Certificate_Authority_-_G2.pem,Internal,PEM certificate in /etc/ssl/certs/Starfield_Services_Root_Certificate_Authority_-_G2.pem,RSA,,,,sha256:568d6905a2c88708a4b3025190edcfedb1974a606a13c6e5290fcb2ae63edab5,high,No,Unvalidated (automated finding),,,Review,,,classification: quantum-vulnerable; risk: medium
FIND-00362,,,2026-08-12,directly observed,qSearch 1.0.0 (scan collector),source code and certificates,/etc/ssl/certs/USERTrust_ECC_Certification_Authority.pem,Internal,PEM certificate in /etc/ssl/certs/USERTrust_ECC_Certification_Authority.pem,EC (ECDSA/ECDH),,,,sha256:4ff460d54b9c86dabfbcfc5712e0400d2bed3fbc4d4fbdaa86e06adcd2a9ad7a,high,No,Unvalidated (automated finding),,,Review,,,classification: quantum-vulnerable; risk: medium
FIND-00363,,,2026-08-12,directly observed,qSearch 1.0.0 (scan collector),source code and certificates,/etc/ssl/certs/7fa05551.0,Internal,PEM certificate in /etc/ssl/certs/7fa05551.0,RSA,,,,sha256:efc65cadbb59adb6efe84da22311b35624b71b3b1ea0da8b6655174ec8978646,high,No,Unvalidated (automated finding),,,Review,,,classification: quantum-vulnerable; risk: medium
FIND-00364,,,2026-08-12,directly observed,qSearch 1.0.0 (scan collector),source code and certificates,/etc/ssl/certs/NAVER_Global_Root_Certification_Authority.pem,Internal,PEM certificate in /etc/ssl/certs/NAVER_Global_Root_Certification_Authority.pem,RSA,,,,sha256:88f438dcf8ffd1fa8f429115ffe5f82ae1e06e0c70c375faad717b34a49e7265,high,No,Unvalidated (automated finding),,,Review,,,classification: quantum-vulnerable; risk: medium
FIND-00365,,,2026-08-12,directly observed,qSearch 1.0.0 (scan collector),source code and certificates,/etc/ssl/certs/COMODO_ECC_Certification_Authority.pem,Internal,PEM certificate in /etc/ssl/certs/COMODO_ECC_Certification_Authority.pem,EC (ECDSA/ECDH),,,,sha256:1793927a0614549789adce2f8f34f7f0b66d0f3ae3a3b84d21ec15dbba4fadc7,high,No,Unvalidated (automated finding),,,Review,,,classification: quantum-vulnerable; risk: medium
FIND-00366,,,2026-08-12,directly observed,qSearch 1.0.0 (scan collector),source code and certificates,/etc/ssl/certs/DigiCert_Assured_ID_Root_G3.pem,Internal,PEM certificate in /etc/ssl/certs/DigiCert_Assured_ID_Root_G3.pem,EC (ECDSA/ECDH),,,,sha256:7e37cb8b4c47090cab36551ba6f45db840680fba166a952db100717f43053fc2,high,No,Unvalidated (automated finding),,,Review,,,classification: quantum-vulnerable; risk: medium
FIND-00367,,,2026-08-12,directly observed,qSearch 1.0.0 (scan collector),source code and certificates,/etc/ssl/certs/9f727ac7.0,Internal,PEM certificate in /etc/ssl/certs/9f727ac7.0,RSA,,,,sha256:d95d0e8eda79525bf9beb11b14d2100d3294985f0c62d9fabd9cd999eccb7b1d,high,No,Unvalidated (automated finding),,,Review,,,classification: quantum-vulnerable; risk: medium
FIND-00368,,,2026-08-12,directly observed,qSearch 1.0.0 (scan collector),source code and certificates,/etc/ssl/certs/GlobalSign_Root_CA_-_R6.pem,Internal,PEM certificate in /etc/ssl/certs/GlobalSign_Root_CA_-_R6.pem,RSA,,,,sha256:2cabeafe37d06ca22aba7391c0033d25982952c453647349763a3ab5ad6ccf69,high,No,Unvalidated (automated finding),,,Review,,,classification: quantum-vulnerable; risk: medium
FIND-00369,,,2026-08-12,directly observed,qSearch 1.0.0 (scan collector),source code and certificates,/etc/ssl/certs/0b9bc432.0,Internal,PEM certificate in /etc/ssl/certs/0b9bc432.0,EC (ECDSA/ECDH),,,,sha256:69729b8e15a86efc177a57afb7171dfc64add28c2fca8cf1507e34453ccb1470,high,No,Unvalidated (automated finding),,,Review,,,classification: quantum-vulnerable; risk: medium
FIND-00370,,,2026-08-12,directly observed,qSearch 1.0.0 (scan collector),source code and certificates,/etc/ssl/certs/Hongkong_Post_Root_CA_3.pem,Internal,PEM certificate in /etc/ssl/certs/Hongkong_Post_Root_CA_3.pem,RSA,,,,sha256:5a2fc03f0c83b090bbfa40604b0988446c7636183df9846e17101a447fb8efd6,high,No,Unvalidated (automated finding),,,Review,,,classification: quantum-vulnerable; risk: medium
FIND-00371,,,2026-08-12,directly observed,qSearch 1.0.0 (scan collector),source code and certificates,/etc/ssl/certs/USERTrust_RSA_Certification_Authority.pem,Internal,PEM certificate in /etc/ssl/certs/USERTrust_RSA_Certification_Authority.pem,RSA,,,,sha256:e793c9b02fd8aa13e21c31228accb08119643b749c898964b1746d46c3d4cbd2,high,No,Unvalidated (automated finding),,,Review,,,classification: quantum-vulnerable; risk: medium
